"pais","2000","2001","2002","2003","2004","2005","2006","2007","2008","2009","2010","2011","2012","2013","2014","2015","2016","2017","2018","2019","2020","2021"," "
"Aruba","","","","","","","","","","","","","","","","","","2132","2276","","","",""
"","282913","288922","267907","289028","300359","321298","319498","359120","318638","327145","470912.30005114","500629.94659704","514462.28943716","548834.772","534810.30349445","556341","562927","630147","705127.48462213","717795.3","286064.1974","399895.848",""
"Afganistán","3409","","","","","","","","","","21677","25021","17775","21696","25920","23532","22770","24207","10454","7334","4635.714","2865.737",""
"","71122","60104","52346","49482","56301","","","","","","120773.31996851","138169.49789716","146632.96028827","155038","145526.82330935","164614","157788","151203","157126.72652389","158874.79","92611.349","134532.013",""
"Angola","4399","4354","4343","4633","4849","4948","4965","5277","3361","3236","17060","12282","13072","14496","13716","13116","15482","13494","13978","13647","3792","3805",""
"Albania","3885","3974","3762","3800","4104","4309","4481","4930","5058","5140","9412","10373.210941827","10309.179137691","11196","1992","","306","1904","2935","2558","1274","1471",""
"Andorra","","","","","","","","","","","","","","","","","","","","","","",""
"El mundo árabe","470300","470936","473898","493857","553147","431300","471714","516679","504211","811221","1065038.0107151","1093318.5607949","1159025.9385852","1222183.5","1289638.7674406","1375862","1476812","1503553.38","1539592.7535302","1599362.272","664879.575","920600.238",""
"Emiratos Árabes Unidos","48330","50783","54952","71224","87217","","","","","170588","240855.107016","269521","311758","327076","352224","437638","463947","459137","455956","426157.272","185260","234612",""
"Argentina","168815","124493","113178","91657","90518","81298","74162","79465","74649","74546","92847.506540262","90214.520533881","101716.26891345","145136.02072473","134521","145585","149334","146631","161862","163106","27447","54218",""
"Armenia","4406","2804","2997","3842","5657","5939","6177","5975","6681","7632","8761","5561","6043","852","0","","","","814","2133","705","1598",""
"Samoa Americana","","","","","","","","","","","3420.570754564","3577.6138613861","3963.0036477332","8580","9144","","","","","","","",""
"Antigua y Barbuda","62070","72001","63361","67163","25700","26985","26175","27746","28356","26371","39865","36533.603996772","33606.039224431","52572","46404","40047","40928","24019","23206.966273393","21930.583128356","64","2105",""
"Australia","382514","388734","536867","529648","324939","342509","352909","353546","393363","403256","572906","593145.00247101","622917","641451","664970","668961","682937","672349","665384","684170","310837","383008",""
"Austria","138700","133561","135516","128449","137049","141968","149512","151070","150738","138942","176195","166729.99728709","162715.73598113","166251","162576","152056","149030","156761","130260","330226","121668","161093",""
"Azerbaiyán","8012","7922","8175","9195","11090","12470","12777","13039","12008","10264","9885","15082","16597","15886","21910","23781","24009","20699","19960","28974","11648","15844",""
"Burundi","","","","","","","","","","","","","","","","","","","","","","",""
"Bélgica","225906","178331","133682","132779","154218","151939","158016","173818","179019","249997","127677.53220986","131577","132099.34254194","130230","132976.52964928","141116","147324","145540","140674","137206.817","57072.125","73673.104",""
"Benin","1518","716","","","","","","","","","1255.4545454546","1381","1381","1728","648","1209","10","","","","","",""
"Burkina Faso","3368","1983","1257","1285","1415","1471","1512","1614","1413","1433","4235","3983.1502590674","3856.2245630018","3780","3672","3875","3861","3863","3988","4105","1790","3007",""
"Bangladesh","6313","6486","6464","7165","7403","7399","7971","11139","11308","16399","19299.826175869","26535","26996.25441204","59064","65364","55864","59728","70503","53061","68351","42827.89","50991",""
"Bulgaria","12158","6687","2252","4577","7848","9691","12471","12221","15974","11237","11321","12297","11826","11736","11755","11768","12187","11748","11435","10111","6295","464",""
"Bahrein","21303","20492","19752","28508","32488","","","","","69808","62473","60778.716260319","63711.979170666","52452","55980","57444","55592","54474","57094","57321","17591","29475",""
"Bahamas","31416","29395","26493","24455","29817","33211","33723","34402","33433","30267","26395","28393","30640","34188","53366","48535","49095","48017","54000","47733","31284.792","27092.684",""
"Bosnia y Herzegovina","4768","4530","4394","4570","","","","","1004","1359","1573.5497570133","1060.0656716418","750.06940298508","552","420","81","","","","108","44","",""
"Belarús","5772","5891","5545","6047","6211","5407","5646","6210","6371","5868","12101","14378","14608","17820","21168","22939","26857","29562","31676","35741","16611","12432",""
"Belice","","","","","","","","","","","19855","31755","59089","71401","112760","120072","121581","141319","125681.69086535","141329","130792.986","95608.657",""
"Bermudas","","","","","","","","","","","","","","","","","","","","","","",""
"Bolivia","21566","20007","20560","28901","25764","25644","21978","24089","21088","19011","37019","40751.450721649","41974.679204244","33467","51017.001872366","42682","45722","54102","56592","49931","31354","45832.196",""
"Brasil","628081","654106","627878","486777","486025","514700","560838","649738","647753","752225","841793","970561","1002565","952307","937437","944557","826943","803846","832683","814301","393769","529115",""
"Barbados","","","","","","","","","","","","","","","","","","","","","","",""
"Brunei Darussalam","12739","12237","11953","11812","13322","11808","12381","12128","13071","12274","12333","11672","10374","10920","10392","11624","11058","10743","11310","14091","4233","1186",""
"Bhután","1138","1297","1948","1890","2306","2467","2566","2720","2772","2706","3053.399926954","4146.0317750183","3553","5820","8772","4640","6065","4215","5187","5067","1311","696",""
"Botswana","6703","7138","7304","7214","7885","8181","6905","7366","6105","6142","7681","7910.2585600468","8422.2344798606","9396","8304","7741","7933","7002","6774","6533","","2593",""
"República Centroafricana","1518","716","","","","","","","","","","","","","","","","","","","","",""
"Canadá","963468","982013","263906","1036092","988755","1018480","1042100","1188947","1200361","1198381","1234528.619256","1245743.6157971","1280198.1855771","1263297.3368634","1290419","1322033","1359442","1443818","1250460","1215983","511637","571070.076",""
"Europa Central y del Báltico","220821","237439","235443","268637","314685","347743","363872","397337","415443","405656","459987.60546165","458432.21238981","409115.83165113","407489","414473.868","420199","436849","484988","549291","566402","235446.363","275557",""
"Suiza","289031","284899","242800","189121","144703","134839","125126","139124","158788","168280","224807","244994","257233.25429553","266128","263267","250094","229530","216436","219782","225755","81283.2","96369.999",""
"Islas del Canal","","","","","","","","","","","","","","","","","","","","","","",""
"Chile","87945","82942","78187","82789","86140","93003","94770","101008","108565","97473","108840","123739","125120","127631","124480","116532","116238","124316","134661","143964","72839","95001",""
"China","572921","840911","932064","946354","1209900","1349269","1542564","1753550","1853088","2140124","2377789","2538667","2779741","3073450","3356756","3616026","3952098","4359033","4692008","4963752","3667920","3906386",""
"Côte d'Ivoire","2342","716","","","","","","","","","5604","907","415","3912","4032","9068","9463","14884","14666","16616","8030","11812",""
"Camerún","5580","10103","4720","9524","10337","10696","10925","11650","9471","9501","0","3036","4938","5640","5640","5499","8212","5640","5550","2336","1169","5017",""
"Congo, República Democrática del","","5200","","","","","","","","","1945","2295","4781","11448","11580","12476","11513","18757","8271","7532","3787.864","4874.098",""
"Congo, República del","6257","5235","4505","4783","","","","","","","3755.3336328915","4817","7011","12132","10380","11462","10604","8439","4976","4990.79","1090","1929",""
"Colombia","199370","190465","179994","171933","153204","162095","175006","185872","187382","196298","226094","237570.82904785","254059.92899685","304365.908","349864.363","368947","366188","355039","358874","371985","139029.18","273874",""
"Comoras","","","","","","","","","","","","","","","","","","","","","","",""
"Cabo Verde","13010","8745","8735","9434","16612","19905","19862","21086","12236","11560","10363","10658.071293119","10555.228651565","8148","7728","7989","8745","4868","9385","10205","4248","1625.248",""
"Costa Rica","24297","32270","32605","31219","33517","36045","36170","37284","36786","33285","41600.554974515","43354","40081","42831","50239","41544","46405","48971","40014","44878","11696.8","19350",""
"Estados pequeos del Caribe","","","","","","","","","","","97391","110827.36463507","134377.5525223","161581","215326","","","","208044.65713874","215238.58312836","166386.778","125803.341",""
"Cuba","12264","11728","9773","8998","10937","11484","11533","11874","11686","10653","21235.450280909","18302.858370897","15869.772204784","23292","15468","17592","20058","13144","8830","7146","2123","756",""
"Curacao","","","","","","","","","","","","","","","","","","","","","","",""
"Islas Caimán","","","","","","","","","","","","","","","","","","","","","","",""
"Chipre","12551","13321","15081","16908","19073","17392","17530","19131","19399","18556","15318","12430","13296","11724","9000","306","2994","8698","5456","3326","1118","1423",""
"República Checa","40027","44164","46574","52127","66134","75295","75439","75830","78377","78153","72137","61476","44189","54948","48975","38304","43878","50387","70828","44051","9831.363","11231",""
"Alemania","738297","762178","796129","844881","937143","1023858","1084821","1126699","1154472","1080553","971803.43159683","1021899.9385037","985668.76918817","954874","946082","967453","962803","955827","922648.6434902","896647.181","312142","368400",""
"Djibouti","","","","","","","","","","","","","","","","","","","","","","",""
"Dominica","","","","","","","","","","","","","","","","","","","","","","",""
"Dinamarca","109369","110492","97713","90641","99598","","","","","","","","","","","","","","","","","",""
"República Dominicana","","","","","","","","","","","1552","2286","2303","1908","1584","1421","1170","","","7062","2497.4","3106",""
"Argelia","40202","49274","46015","44315","48531","45692","44822","44136","31026","52731","53088","53286","54292","55516","60066","65940","73465","74714","77463","76049","18719","27650",""
"Asia oriental y el Pacífico (excluido altos ingresos)","1215806","1522837","1615064","1586155","2067761","2219532","2454357","2702754","2798473","3092984","3844391.0266723","4196284.4631813","4537127.0008198","4868207.3179955","5435979.6917599","5872462","6431220","6919472.67","7387203.8414897","7629160","4901478.069","4732454.516",""
"inicial del dividendo demográfico","2077309","2197664","2027711","2065419","2360942","2441945","2670479","2893009","2852615","2986969","3940298.1667931","4158415.0863253","4357526.4874614","4574583.4635518","4976915.633456","5220321","5700375","5886141.088","6219620.0608852","6098318","2897143.22","3558135.85",""
"Asia oriental y el Pacífico","2884999","3230312","3472124","3421353","3681701","3879996","4174539","4441653","4597611","4885072","6334923.9524487","6627354.954969","6896897.7004584","7391410.0459955","8025736.2493602","8575632","9231486","9792841.59","10258516.84149","10575048","6395637.389","6315893.499",""
"Europa y Asia central (excluido altos ingresos)","258374","277709","259547","284267","292272","315732","349854","359692","400765","462114","585984.22735896","662282.38610583","716610.82022895","830138.50323624","894484.72","980881","1038886","1065869","1069930.545","1073332.332","508534.126","718617.302",""
"Europa y Asia central","6236642","6291425","6044393","6113024","6481841","6300264","6602653","6941099","7106264","6941775","7595375.372279","8015873.0739271","7963663.9825596","7995554.4122362","8165780.3446493","8426406","8693238","8799738","9059612.7870813","9217856.065","3825022.622","4864895.695",""
"Ecuador","18419","16523","15407","24801","28422","29844","31016","44842","49162","46485","60835","49193","54250.922618879","58687","61248","61649","55430","50837","53033","50575","12056.18","15996",""
"Egipto, República Árabe de","47418","41373","41858","42152","42189","44730","47444","51440","57510","56414","104036.125","78726.090909091","92303","100735.5","101725.76744056","108206","115856","105464","105097","111785","45340.337","57871",""
"Zona del Euro","3631804","3620776","3525731","3668641","3894383","4181132","4398057","4637826","4670197","4551117","4337753.8053793","4456459.4754315","4337873.6218385","4152058.909","4179438.3976493","4314391","4494509","4506736","4585315.9394902","4882120.543","1939625.837","2387932.535",""
"Eritrea","","","","","","","","","","","","","","","","539","714","919","1018","1111","494.395","",""
"España","485856","517481","493019","518836","549963","586438","602978","657606","616893","547971","546298.85388598","535074","471440.88688639","465558.909","486353.8","534895","566775","579842","641097","677578.545","261972.271","381188.363",""
"Estonia","9199","9133","8324","8522","7814","8350","8183","9214","11478","8592","12207.970551266","13492","26778","13356","13524","13954","16179","528","1583","22","","",""
"Etiopía","26624","28128","28359","27204","29546","30961","33644","37528","39804","44154","48783","57728","62136","68131","71166","83940","94330","99263","110971","119542","72194","99415",""
"Unión Europea","4149031","4140156","3991441","4139732","4413329","4431467","4657953","4917391","4959760","4827314","5260808.8053793","5429662.6878213","5278710.4534897","5145234.909","5170163.1976493","5291624","5468736","5481436","5608067.9394902","5900296.733","2301206.386","2915300.394",""
"Frágiles y situaciones de conflicto afectados","356575","444450","380683","320117","349270","375959","405791","394482","408405","404042","488403.8521827","543909.40123806","519697.50053716","556736.09","533306.45263012","523455","528016","536379.38","544673.44454374","545738.122","283689.118","371452.766",""
"Finlandia","145174","128881","108923","107026","109209","107108","114699","118686","114371","104740","132408.28422807","144467","138914.13265306","138987","140256","153849","162119","118856","125804","131089","47394","42598",""
"Fiji","57776","62768","37685","38732","36920","41886","46866","46359","46467","45595","26127","18142","16011.285812436","11748","19140","19487","20906","21855","24134","25859","10450","5791",""
"Francia","811776","777756","734679","695865","682263","728081","805731","825471","827851","771675","738003.42644224","754292","739353.59975715","641440","610197","607168","599427","599256","597412","598374","268744","332174",""
"Islas Feroe","","","","","","","","","","","","","","","","","","","","","","",""
"Micronesia (Estados Federados de)","","","","","","","","","","","","","","","","","","","","","","",""
"Gabón","7445","7492","7474","7990","8342","8505","8524","9057","5654","5423","7516.1598513011","3002","1553","0","","2765","2305","","","","","",""
"Reino Unido","876158","925638","924944","891154","970036","1018118","1037032","1044883","1056206","1003893","985109.02306718","1062692","1050702.9090909","1052640","1064175.7","1104117","1180312","1182696","1242985","1061464","303493","289731",""
"Georgia","1906","1945","4239","5514","4451","4673","4861","5347","5487","5054","2803","3896","3326","2933","3317","3959","3199","5061","7108","6587","774","1000",""
"Ghana","4873","5892","4382","3333","3333","","","","","","5645.6695671329","10683","14902","16560","16764","20539","21628","21224","11635","15617","8941","13321",""
"Gibraltar","","","","","","","","","","","","","","","","","","","","","","",""
"Guinea","","","","","","","","","","","","","","","","","","","","","","",""
"Gambia","","","","","","","","","","","0","0","140","1788","1848","35","440","625","1116","1136","","",""
"Guinea-Bissau","","","","","","","","","","","","","","","","","","","","","","",""
"Guinea Ecuatorial","","","","","","","","","","","717.17092337917","2808","8201","19416","14136","22350","22464","20590","7930","7423","3051","1238",""
"Grecia","108584","125269","113247","114100","137676","130515","133226","137697","128287","112671","136382.25793275","125477.11982973","111870","103800","134160","124014","128454","135281","144040","151848","75393","108338",""
"Granada","","","","","","","","","","","","","","","","","","","","","","",""
"Groenlandia","","","","","","","","","","","","","","","","","","","","","","",""
"Guatemala","","","","","","","","","","","8875","9148","8091","2556","2214","3012","3102","3577","3205","2623","673.09","48",""
"Guam","","","","","","","","","12139","11470","","","","","","","","","","","","",""
"Guyana","418","276","","","","","","","","","9351","12231","8625","0","0","","","","1931","1578","1502","624",""
"Ingreso alto","18011576","17814539","16512187","17075406","18940544","19089737","19240949","19868002","19310218","19491081","21840425.547364","22182070.189451","21922264.967188","21969443.973863","22045256.907024","22416124","22988405","23210633.92","23547850.208355","23991370.588128","12186274.698","15230929.136",""
"Hong Kong, Región Administrativa Especial","79182","85003","91096","87070","111136","122705","130014","141372","144039","149809","158255","173112","185506.37822568","199639","215562","228582","235581","243518","245146","242173","70874","55653",""
"Honduras","","","","","","","","","","","21574","18287","16760","26796","24216","24813","24315","9482","14832","13146","","14225",""
"Países pobres muy endeudados (PPME)","143612","137114","","","","","","","","","266822.28924497","307977.71707607","311610.29055951","329263.772","346254.15291316","345543","341547","383488","410069","417461.09","215962.9134","325159.145",""
"Croacia","16955","18258","19340","19751","20482","22031","21641","22391","24728","24613","24766","26743","26456","24305","25161","25183","26171","26809","27189","27711","12838","15982",""
"Haití","","","","","","","","","","","","","","","","","","","","","1563","1563",""
"Hungría","32297","31654","33290","40233","46837","47362","45781","51003","49795","45861","111307","120826.21238981","88801.831651127","103080","123708","145492","137605","158454","183541","213664","106938","130120",""
"Sólo BIRF","4145976","4645137","4556340","4486328","5073328","5390223","5877784","6474185","6627091","7007442","8586208.3867932","9233939.6655508","9735585.5623574","10425190.69307","11205115.652588","11817203","12527507","13236887.138","14069273.386273","14396699.915128","8088339.715","9199542.519",""
"BIRF y la AIF","4634347","5121901","4965837","4891195","5519366","5846449","6352567","6990994","7102413","7497275","9337292.2932789","10080702.725144","10601539.959699","11372493.908309","12224523.256578","12861795","13594565","14403021.138","15276297.006305","15584884.005128","8751517.8654","9946993.382",""
"total de la AIF","488371","476764","409497","404867","446038","456226","474783","516809","475322","489833","751083.90648575","846763.05959347","865954.39734177","947303.21523862","1019407.6039901","1044592","1067058","1166134","1207023.6200312","1188184.09","663178.1504","747450.863",""
"mezcla de la AIF","262196","253222","195329","187227","194329","206217","224301","230626","220463","218602","327828.33363289","364230.37303001","391242.24708561","409973","426688.45294934","466885","468061","482733","496572.90201137","523292.79","308450.215","322356.799",""
"Indonesia","159027","164651","152278","155609","318488","320724","357414","357789","345240","330112","520932.08198318","599692.27609241","641182.30072336","576000","675005.89537866","682389","823735","892801","959307.381","808265","425057.604","348232",""
"Sólo AIF","226175","223542","214168","217640","251709","250009","250482","286183","254859","271231","423255.57285286","482532.68656346","474712.15025616","537330.21523862","592719.15104079","577707","598997","683401","710450.71801985","664891.3","354727.9354","425094.064",""
"Isla de Man","","","","","","","","","","","","","","","","","","","","","","",""
"India","198426","206690","231413","263870","302790","330484","453921","569033","592292","601977","623196.77855865","695626","678125.93779306","689094","724541.12","787998","917625","1029426","1200111.363","1209803","583142","739481",""
"No clasificado","","","","","","","","","","","","","","","","","","","","","","",""
"Irlanda","145457","156277","177032","231296","261345","303697","350204","416205","483741","528098","601262","635065","648817.65151064","641412","658512","718059","836293","883323","935913","967456","369019","493773",""
"Irán, República Islámica del","82610","141396","92621","138537","109706","121235","136075","137645","122226","133932","158014.18345095","161191.67760432","153142.82222371","161029","162563.37417583","133663","159754","225399.088","207096","186006","132936.795","157785.876",""
"Iraq","","","","","","","","","","","7692","9697","8993","4332","4332","12805","10579","18509.38","48355","60540","9809","20505",""
"Islandia","12589","11728","9989","9750","10832","11803","12785","14064","12431","12924","21668.31647358","24488","26469","26643","28979","35558","41022","50389","54653.302591099","35823","13594","24518",""
"Israel","56427","47648","49404","46334","34152","34104","36257","47038","45309","47856","47829","47195","47073.827458256","46644","49177","49020","50548","50330","53901","49276","12221","23090",""
"Italia","367584","393484","350552","385911","382317","445968","447749","431647","382590","382897","335280","328771.58001328","306320.50332005","258027","264899","273462","277671","243811","251621","260599","99250","37123",""
"Jamaica","16577","24440","23343","23976","23338","21787","21133","22401","22894","16840","0","0","0","492","953","997","1128","1181","1215.272","","","",""
"Jordania","16447","15893","16369","15354","17958","19689","26546","29415","30804","32490","39318.791597625","40329.197802198","39468","38998","38386","36622","38161","36946","36127","36550","10108","19200",""
"Japón","645087","640328","647953","639866","638430","651858","670252","656917","655495","641913","934487.43946256","812928","874677","915542.658","927666","956015","984320","1035522","999594","1018436","659764","657016",""
"Kazajstán","8041","8398","15426","19560","11754","17302","19160","19138","19229","18832","33483","40916","44580","66108","71220","72486","73188","83048","66693","89436","55358","72454",""
"Kenya","29080","24741","25873","27057","26218","28399","29039","32329","32045","33593","78265","84955","82576","98244","90625","96749","99428","117027","134354.48462213","138192","33178","50778",""
"Kirguistán","6051","4942","3951","4810","5550","5228","4730","4916","3567","5459","7371","9274","7719","12189","17388","20962","23120","27055","8751","6466","1578","1497.601",""
"Camboya","","","4648","4512","3893","3207","3998","4324","3667","3304","5104.7222222222","7191","7432","11897.043238617","14732","12983","11933","14372","14387","14850","5639.574","390.662",""
"Kiribati","","","","","","","","","","","","","","","","","","5005","5005","4388","3751.74","3312.786",""
"Saint Kitts y Nevis","","","","","","","","","","","","","","","","","","","","","","",""
"Corea, República de","226910","228442","238649","240942","232077","221424","223735","243113","250260","256160","280427","282239","285000","360356","368132","448037","473606","499093.92","527807","549454","254341","287163",""
"Kuwait","17486","16682","18929","17833","19512","19142","20673","17685","17999","18191","41848","31753","28814","27305","26610","30073","33387","42782","46450","50959","17004","20436",""
"América Latina y el Caribe (excluido altos ingresos)","1456463","1446879","1368294","1227248","1266467","1313815","1345358","1464994","1421962","1471241","1932829.93723","2031106.1462718","2153840.9082253","2253790.4150769","2357197.2718724","2447053","2383083","2361676","2422241.3258653","2450088","1130964.27","1585996.853",""
"República Democrática Popular Lao","6411","6652","6971","7068","8413","9002","9959","9957","10007","9793","11374","12262","15836.128631119","16944","12732","9772","9986","9731","16299","16359","6537","2758",""
"Líbano","10435","10317","10808","10819","11807","12013","11274","12172","12306","13532","19882","21306","21880","23568","23580","24066","24549","25550","25740","26942","9812","13934",""
"Liberia","","","","","","","","","","","","","","","","","","","","","","",""
"Libia","6194","5884","5884","6414","8042","13335","12657","13477","9930","9812","34878.077173779","27770.502063366","16514.431577206","32064","26414","13298","10764","9686","12340","11339","6032.238","9046.238",""
"Santa Lucía","","","","","","","","","","","","","","","","","","","","","","",""
"América Latina y el Caribe","1838871","1916893","1756505","1562182","1584616","1656212","1695244","1833458","1800913","1838212","2303571.6876251","2431147.8240566","2549816.1836156","2732986.4150769","2840587.9966472","2898758","2826420","2748629","2805821.2921387","2826537.5831284","1285637.062","1797138.537",""
"Países menos desarrollados: clasificación de las Naciones Unidas","167795","161861","153359","156369","176521","183126","184038","213090","181228","198073","331174.83444304","379240.94949176","376331.92986924","430081.81523862","437496.15104079","412495","426687","520216","581319.96448969","533290.3","299967.9354","349000.37",""
"Países de ingreso bajo","111103","108810","","","","","","","","","178713.83149949","204933.10191745","195745.87008855","209546","208291.31028976","181611","186418","208832","200417.75353017","204534.3","115158.539","164384.117",""
"Liechtenstein","","","","","","","","","","","","","","","","","","","","","","",""
"Sri Lanka","5206","11386","10480","12603","18699","19712","20979","21020","20512","16632","20921","26052","31373","32636.4","37517","37598","40711","41012","34425","33050","10045","11210",""
"Países de ingreso mediano bajo","744984","754478","753462","777684","866079","918669","1064289","1232976","1260847","1307064","1779172.7701425","1933270.8830653","1949590.1322571","2026106.5322386","2193441.8862623","2346783","2575842","2687746","2961891.5386357","3015516.79","1424913.9624","1607856.246",""
"Ingreso mediano y bajo","3858582","4226606","4138395","4097149","4688840","4990401","5448763","6007235","6049975","6507796","8297583.9931647","8938530.9057305","9433677.4565136","10098261.908309","10891233.072053","11540953","12285251","13045688.138","13835343.040031","14075535.422","7908644.8654","8820642.71",""
"Lesotho","","","","","","","","","","","","","","","","","","","","","","",""
"avanzada del dividendo demográfico","2828120","3197261","3283798","3218826","3665061","3816401","4169909","4686224","4927058","5504592","6378364.1801685","6944807.8745296","7381815.7607027","7908184.5827569","8471671.0273813","9025937","9501394","10149322.67","10693202.070591","11156939.272","6567899.014","7303348.38",""
"Lituania","10197","10418","9613","9839","11224","11930","11059","10823","12238","11633","4972.6349103827","7122","11874","9900","12622","12199","9719","12151","2375","2506","2619","1469",""
"Luxemburgo","34007","38239","25102","40831","42447","42304","43777","47209","47639","51932","38716","38937","43021","44059","47215","48569","48255","48289","51824","51938","32964.6","36357",""
"Letonia","9816","9508","9364","10360","16159","23112","29067","28182","28915","27123","54589","54241","46732","43836","42107","41376","42392","47885","54356","61692","23100","23795",""
"Región Administrativa Especial de Macao, China","11673","14161","15378","14355","21126","23572","25154","25016","19009","14258","13411","14368","15890","17859","20158","21472","23574","22924","24411","28685","6470","6773",""
"Isla de San Martín (parte francesa)","","","","","","","","","","","","","","","","","","","","","","",""
"Marruecos","44542","44262","37160","35937","41526","48651","55239","68847","61298","62037","75306","69940.912476723","61161.300701909","68700","72345","75044","80085","86735","80154","91254","32519","50340",""
"Mónaco","31479","29905","14959","14024","12022","12249","14092","15170","13071","10351","10067","10603","11034.545454545","10956","10928.727","10728","611","3","3","3","","",""
"República de Moldova","3682","3866","3862","4333","4657","4392","4248","4654","4933","5047","6571","7147","6560","7500","8400","8739","9625","14116","13590","11899","2851.909","4934",""
"Madagascar","20491","20129","9433","17202","18016","17911","14142","37310","11861","9566","11714","12332.727272727","13267","9451","10385","8852","7230","7650","10170","10600","4225.333","2038",""
"Maldivas","5970","3286","3417","3520","4224","4520","5108","5006","5006","4971","","","","","26849","31472","33006","33904","26678","27199","9045","7647.367",""
"Oriente Medio y Norte de África","613217","665244","621484","683657","701240","590992","648841","707006","680702","1003079","1267722.2842384","1292819.1501626","1353694.091938","1427157.5","1501061.1416164","1561886","1691849","1780821.468","1812409.7535302","1844219.272","811860.46","1087594.114",""
"México","290412","292208","278456","287017","330441","331225","317856","309633","266244","222356","445796.03302316","386063.99410953","415279.82298919","435792.09","457921.907","508614","555984","567921","583408","605632","322333","445488",""
"Islas Marshall","2324","2744","3876","3911","3683","3083","3573","3508","3510","3480","","","","","","","","2218","2244","1967","1918","2478",""
" Ingreso mediano","3747479","4117796","4049435","4000593","4582372","4879779","5336343","5868889","5938381","6393538","8118870.1616652","8733597.803813","9237931.586425","9888715.9083087","10682941.761763","11359342","12098833","12836856.138","13634925.286501","13871001.122","7793486.3264","8656258.593",""
"Macedonia del Norte","8047","4673","1964","2263","2398","2277","2368","2605","2813","1389","","","","","","","","","","","","",""
"Malí","1518","716","","","","","","","","","4656","5580","2753","360","0","","","","","","","",""
"Malta","15394","15056","14594","14390","14356","14768","15359","16895","17334","18362","16828","14891","13845","14257","14022","13639","12305","12799","20903","19317","6289.09","5635",""
"Myanmar","10329","9709","20624","20611","24729","26460","28700","29235","29514","28499","20485","32354","37798.829816477","38028","49599","51652","65643","62480","64397.964489686","64320","30407.914","20653.338",""
"Oriente Medio y Norte de África (excluido altos ingresos)","296322","356337","297723","340925","333384","360734","391697","412178","382907","419054","556612.17722236","530059.43390233","511465.28530907","556102.5","571311.14161639","510478","556552","624693.468","636327.75353017","637401","282665.37","380154.114",""
"Montenegro","","2411","","4978","4974","5560","","","","","10064.008686211","7707","7485","7164","6492","6864","6842","6436","6887","7192","","20",""
"Mongolia","6200","5947","6264","7358","6702","5332","6169","6158","5592","4783","6528","7194.2584412287","9611.0282613426","4212","5705.561469737","5219","6009","5277","7777","8310","3166","1435",""
"Mariana","","","","","","","","","","","","","","","","","","","","","","",""
"Mozambique","6698","7257","7501","7662","8585","9768","10490","10791","10943","11260","13705","12957","13263.251468488","19596","19763.599680779","18924","15911","11955","10479","12178","6779","7583",""
"Mauritania","3761","2230","1510","1612","1686","1720","1725","1833","1159","1114","6373","4235","3077","3984","4044","4277","4307","5331","4910","5566","2205","4104",""
"Mauricio","12162","12269","12720","12969","14791","14743","13692","12090","11742","11144","11750","12353","12258","12079","12131","12646","13614","14842","14940","14937","4319","2348",""
"Malawi","4806","4708","4620","4940","5290","5446","5528","5888","4416","4376","3340.3901234568","3172","3201.1669216461","1644","1644","1687","1818","2327","2327","1354","367.394","405.023",""
"Malasia","169263","169840","189382","166716","170054","176152","163665","185052","176549","182002","302185.22246687","336401","343382","430334.45775688","443318.55","463740","447001","473610.67","474940","498878","167785","83981.767",""
"América del Norte","9784346","9517253","8302667","8825200","10554981","10988079","10781083","11004451","10254839","10380744","11329725.619256","11303511.615797","11144558.185577","11008795.336863","10846743","10820701","11000033","11082914","11130969","11315014","6687141","8576845.076",""
"Namibia","5161","5131","5080","6034","6137","6455","6513","6942","5450","5439","8836","9400","11711","8568","9197","10606","11759","13876","14543","1806","593.365","32.358",""
"Nueva Caledonia","","","","","","","","","","","","","","","","","","","","","","",""
"Níger","1518","716","","","","","","","","","0","0","1416","1044","407","469","471","471","","","","447",""
"Nigeria","12761","10667","13154","8987","8254","10227","16045","16936","18005","16851","61789","68014.276344977","65631.507073707","59182","61512.452949339","61474","53971","53696","75594.726523888","68734","51519.349","74453.146",""
"Nicaragua","452","","","","","","","","","","","","","","","","","","","","","",""
"Países Bajos","229386","222539","250114","248246","254647","241084","250811","259827","262848","291713","268542.00576802","293885.83979772","307221","312910","304795","309089","334240","342097","330963.296","361156","170981.388","206208.068",""
"Noruega","320753","306511","270045","248403","254045","","","","","","","","","","","","","","","","","",""
"Nepal","12130","12306","4324","4912","5846","6255","6920","6918","6952","6804","45990","44126","34745","30612","19560","19395","24063","58880","97598","27035","35894","28642",""
"Nauru","","","","","","","","","","1998","342","399","116","96","612","707","862","842","1023","1351","335","255",""
"Nueva Zelandia","240046","266139","242720","247388","196657","209469","220990","219243","220375","217178","207872","206937","203388","203520","189722","186209","181125","184762","187851","192514","123038.32","135902.983",""
"Miembros OCDE","17624505","17392600","16063702","16602403","18407015","18709113","18809257","19348839","18688257","18650104","20927396.791636","21094558.129247","20984277.381898","21039809.298492","21081416.367649","21455548","22020267","22182317.92","22460256.787081","22822190.733","11609007.87","14702405.542",""
"Omán","22322","23213","23168","27751","31871","","","","","25542","32850","35560","39638","46816","47126","56544","61956","71293","76672","79436","19013","18219",""
"Otros Estados pequeos","138742","131359","","142498","161340","","","","","","","","","","208425","213260","226600","222435","235437.3025911","215942","","84710.615",""
"Pakistán","63956","52616","41917","44731","50309","48905","51296","51029","52165","50939","64932","72695","72232","61820","57956","65749","70005","51019","48542","49749","27903.88","36260.96",""
"Panamá","25225","24867","21883","25702","27434","30392","33003","40645","46292","66236","73316.750395115","79391","82753","135428","132689.72477487","137955","143126","112742","111583","110042","32578","71789",""
"Perú","29387","44487","37482","36947","46917","60819","56072","61958","67840","65885","84408.115323682","100131","106167","115817.39635221","117800","129786","129880","130792","141025.363","141311","42395.999","70558",""
"Filipinas","44547","60511","57193","56235","56647","58944","61712","65212","72333","87028","205318","225789.68364557","241698.55902851","200532","287460","325859","345482","273159","292450","320569","88024","71556",""
"Palau","","","","","","","","","","","","","","","","","","","","","","",""
"Papua Nueva Guinea","27512","29826","31147","17704","18712","19606","21935","21700","21751","21450","32741","36364.319780636","37309.857693979","30012","34068","51680","48892","53696","41173","54328","36664","34007",""
"Polonia","52371","71799","69842","73137","77690","78992","83451","89289","90031","83053","82630","82052","81194","83336","77094","68326","84075","106424","123903","131419","48381","60781",""
"previa al dividendo demográfico","134784","121438","","","","","","","","","304105.79060122","338788.5426994","335276.11842898","368447.772","355316.60399013","376858","353162","404599.38","474721.21114602","486296.09","192897.4234","291021.164",""
"Puerto Rico","","","","","","","","","","","","","","","","","","","","","","",""
"Corea, República Popular Democrática de","1332","1305","1396","1354","1652","1768","1839","1949","1986","1865","725","732","890","3576","498.34024896266","483","522","460","472","526","44","9.328",""
"Portugal","112462","96049","112324","117404","127025","148604","119668","138093","159135","123551","111961.40785391","129004","131870","158096","157702","160003","154448","170444","182753","186711","73742.363","97777",""
"Paraguay","7556","8173","8497","8557","9104","10059","9807","10351","10522","9758","6459","6873.7328497082","6594","6408","5496","4116","3864","3454","10160","8090","1747","1917",""
"Ribera Occidental y Gaza","","","","","","","","","","","","","","","","","","","","","","",""
"Estados pequeos de las Islas del Pacfico","87674","95413","72759","67062","69538","70306","78717","77907","78100","78761","51069","36808.25228489","34691.984171175","35340","51276","55485","58321","62670","65342","64745","34128.644","26870.421",""
"posterior al dividendo demográfico","16933507","16714073","15385330","15869640","17597666","17822494","17855201","18271239","17590453","17494249","19410119.832211","19559119.977766","19344793.670384","19289671.063863","19202136.98725","19396035","19781310","19856333.92","20014360.905764","20337590.648128","10438219.906","12898826.452",""
"Polinesia Francesa","","","","","","","","","","","","","","","","","","","","","","",""
"Qatar","26652","27049","34364","28370","34931","45964","53327","62689","68818","77178","90819","109525","128402","139869","151703","170582","200927","194389","197811","207143","127046","156726",""
"Rumania","23298","20781","17748","26844","30524","38995","42754","51222","55386","57893","61515","57823","51685","43956","42249.8","45596","46733","52063","55637","58509","22125","30789",""
"Federación de Rusia","314621","329935","345262","350963","398958","390824","421170","467670","522577","475261","523759","596042","636748","678071","747804","767043","746446","815708","885094","940499","623201","825994",""
"Rwanda","","","","","","","","","","","5867","7265","10410","11532","12096","3205","4314","18134","19133","19419","8494.839","9412.931",""
"Asia meridional","296548","294067","299963","338691","391577","419742","548761","666865","691007","700428","799070.00466148","894201.03177502","864800.1922051","900742.4","966479.12","1026248","1173973","1313166","1476056.363","1427588","714804.484","877794.064",""
"Arabia Saudita","108981","107984","108598","108322","113329","116280","131528","150521","148335","156500","177608","193536","208986","216636","232908","236468","256635","270924","267295","317209","144771","219247",""
"Sudán","7753","7562","7523","7849","8435","8695","8839","9418","7219","7178","10897","16727.088236529","13525.496329162","9432","6852","6021","3165","5831","3178","3116","2261","15413",""
"Senegal","2415","2606","6471","2396","6166","6441","0","","","0","0","5251","7730","5808","4044","3656","582","1087","5817","10215","4377","6285.619",""
"Singapur","71042","72431","72444","64117","76253","77119","84747","87564","91387","83772","131721.91555933","144696.87545537","157939.31776526","165239.07","183398.55760026","181563","207203","203615","208787","215014","64267","56482",""
"Islas Salomón","11481","12496","13011","9745","11512","12318","13883","13640","13649","13529","7388","7048.9546112685","6659.6983587391","11352","11532","13107","13711","14365","14365","11094","6680.904","5488.635",""
"Sierra Leona","202","139","138","138","156","164","171","183","181","186","0","2085","2145","","","","","","","","","",""
"El Salvador","37098","26059","19407","22063","23660","23964","24879","22465","21056","19339","20961.277087462","24699","26622","29114","31662","28671","28670","27995","27601","26305","8743.635","13969",""
"San Marino","","","","","","","","","","","","","","","","","","","","","","",""
"Somalia","","","","","","","","","","","2716.9099276792","2815","2791","3540","3444","","98","98","995","1060","","",""
"Serbia","","14000","19935","17205","19729","17048","19664","19971","19568","17208","16893","17303","16841","18156","28944","31304","31958","29705","28160","30964","12773","17412",""
"África al sur del Sahara (excluido altos ingresos)","335069","328777","297804","319863","337379","360846","358736","400752","354861","361975","578696.62001965","624597.44449421","649833.24972544","689280.772","665781.1268038","703831","701537","760811","843583.21114602","857966.09","370198.5464","525625.861",""
"Sudán del Sur","","","","","","","","","","","","","","","","","","","","","","",""
"África al sur del Sahara","354035","349026","320253","338510","356660","380427","378262","421479","366757","373213","591685.62001965","638799.44449421","661095.24972544","703872.772","680337.1268038","720955","720715","781350","862254.21114602","876670.09","378675.5464","534427.861",""
"Pequeños Estados","322489","330364","","","","","","","","","337507.69563801","334453.43624842","368656.74451571","374076","475027","","","501845","508823.95972984","495925.58312836","271667.512","237384.377",""
"Santo Tomé y Príncipe","1135","1135","1128","1170","1267","1310","1337","1426","1142","1143","","","","","","","","","466","468","366","524",""
"Suriname","2169","1920","1714","4402","4620","4851","4908","5022","4900","4560","1925","1914.7606382979","2417.5132978723","3420","2796","2995","3309","3385","3225","2668","2743","373",""
"República Eslovaca","2421","1817","4215","6845","12663","13914","14521","23997","24044","32020","2702","990","1439","1824","721.068","70","85","51","","","30","72",""
"Eslovenia","12082","13220","14881","16402","17310","18071","19505","23165","24477","25478","21840","21370","18141","17212","16557","17931","17825","18488","18444","16717","3289","854",""
"Suecia","247707","233803","198291","183532","190315","","","","","","584145","638729","663141","696120","686943","667747","649749","595624","577408","560422.19","168010.186","293982.859",""
"Eswatini","2586","","","","","","","","","","","","","","","","","","2224","2270","561","811",""
"Sint Maarten (Dutch part)","","","","","","","","","","","","","","","","","","","","","","",""
"Seychelles","18966","20249","22449","18647","19281","19581","19526","20727","11896","11238","12989","14202","11262","14592","14556","17124","19178","20539","18671","18704","8477","8802",""
"República Árabe Siria","13959","13580","12975","13953","16325","16815","17082","18909","18960","19229","12699","15455.407623056","9670.3235106534","5424","5424","168","170","165","167.75353016688","173","2659","5705",""
"Islas Turcas y Caicos","","","","","","","","","","","","","","","","","","","","","","",""
"Chad","1518","716","","","","","","","","","699.53144835545","984","664","72","72","","","","","","","",""
"Asia oriental y el Pacífico (BIRF y la AIF)","1214474","1521532","1613668","1584801","2066109","2217764","2452518","2700805","2796487","3093117","3844008.0266723","4195951.4631813","4536353.0008198","4864727.3179955","5436093.351511","5872686","6431560","6919854.67","7387754.8414897","7629985","4901769.069","4732700.188",""
"Europa y Asia central (BIRF y la AIF)","677777","725169","713991","759539","827774","856265","931341","1002485","1109461","1114171","1289975.227359","1437239.3861058","1524519.8202289","1671542.5032362","1798548.52","1898797","1954498","2078621","2173188.545","2241581.332","1221374.126","1652627.302",""
"Togo","1518","716","","","","","","","","","8164","10745","10264","11484","10599.370360014","9947","10725","10485","11559","11931","6191","11293",""
"Tailandia","101591","102414","97750","93576","128178","124347","126845","129703","125907","123541","201306","227322","252368.89840523","298450","338053.98166259","392664","413880","448477","475886.496","483580","224142.333","119077",""
"Tayikistán","3953","4511","5936","7210","8494","6987","2976","7891","8191","9758","5709.6689157383","7320","6529.8968762677","6263","7985","6884","6472","4135","4021","4283","2530","1137.726",""
"Turkmenistán","21858","23963","23963","24460","16316","14094","15602","15590","15665","15337","3221","1617.8413105413","1440.7321937322","12871.016608045","6068.32","8548","12890","16843","18184","17075","9671.143","6510.885",""
"América Latina y el Caribe (BIRF y la AIF)","1795191","1875770","1720239","1528729","1543862","1611517","1649988","1787182","1755794","1797292","2255941.2373442","2384451.9656857","2503306.4114108","2675506.4150769","2771753.9966472","2832631","2757267","2685336","2740715.2921387","2771658.5831284","1252229.27","1769289.853",""
"Timor-Leste","","","","","","","","","","","","","","","","","","","","","","",""
"Oriente Medio y Norte de África (BIRF y la AIF)","296322","356337","297723","340925","333384","360734","391697","412178","382907","419054","556612.17722236","530059.43390233","511465.28530907","556102.5","571311.14161639","510478","556552","624693.468","636327.75353017","637401","282665.37","380154.114",""
"Tonga","3814","4157","4323","4453","5255","","","","","","","","","","","","","","","","","",""
"Asia meridional (BIRF y la AIF)","296548","294067","299963","338691","391577","419742","548761","666865","691007","700428","799070.00466148","894201.03177502","864800.1922051","900742.4","966479.12","1026248","1173973","1313166","1476056.363","1427588","714804.484","877794.064",""
"África al sur del Sahara (BIRF y la AIF)","354035","349026","320253","338510","356660","380427","378262","421479","366757","373213","591685.62001965","638799.44449421","661095.24972544","703872.772","680337.1268038","720955","720715","781350","862254.21114602","876670.09","378675.5464","534427.861",""
"Trinidad y Tobago","25982","27908","23076","17731","17483","14298","13878","14703","15017","14247","28909","36648.073787979","36648.073787979","36564","36216","35127","29892","32589","33475","35175","12546","11513",""
"Túnez","19907","19385","18538","18738","20554","21268","21715","21734","24385","24225","31098","32179.916897507","37233","48804","60419","35540","38631","39856","41446","36763","14170","17557",""
"Turquía","119945","111342","105996","104377","121815","145952","177088","197132","215275","271835","369174","420222","476115","568212.39662819","628104","706067","743673","742260","772925.545","742503","364856.074","534041.09",""
"Tuvalu","","","","","","","","","","","","","","","","","","","","","","",""
"Tanzanía","5973","4360","4401","6082","6441","6062","5068","5457","5460","21088","21825","26332.300586101","28130.472072972","27625.772","31106.181","35374","27422","47741","90017","91864","42693","54741",""
"Uganda","263","266","263","263","302","317","330","353","349","359","6290","4879","5990","8616","6864","2332","3828","1953","3777","3417.3","675","1356",""
"Ucrania","27973","32864","26859","39778","42374","41911","48562","30029","52509","58756","66038","76652.268181818","73378.942618274","58474.09","47927.4","45688","55261","63315","66712","62113.332","20436","33922",""
"Ingreso mediano alto","3002495","3363318","3295973","3222909","3716293","3961110","4272054","4635913","4677534","5086474","6339697.3915227","6800326.9207477","7288341.4541679","7862609.3760701","8489499.8755005","9012559","9522991","10149110.138","10673033.747865","10855484.332","6368572.364","7048402.347",""
"Uruguay","10852","9550","8404","7032","8343","8934","8666","9186","9388","8731","","","","","","","","","","","","",""
"Estados Unidos","8820878","8535240","8038761","7789108","9566226","9969599","9738983","9815504","9054478","9182363","10095197","10057768","9864360","9745498","9556324","9498668","9640591","9639096","9880509","10099031","6175504","8005775",""
"Uzbekistán","30075","39673","22543","22325","22698","22183","21514","22265","22406","23176","22924","23773","24328","23962","23149","22579","21486","21730","21514","25300","7424","14343",""
"San Vicente y las Granadinas","","","","","","","","","","","","","","","","","","","","","","",""
"Venezuela","138500","223075","166807","110062","123232","135574","139671","140774","137900","123646","84065","83106","78583.162377954","92813","90235","73509","64058","43138","22447","16027","3859","3017",""
"Islas Vírgenes Británicas","","","","","","","","","","","","","","","","","","","","","","",""
"Islas Vírgenes (EE.UU.)","","","","","","","","","","","","","","","","","","","","","","",""
"Viet Nam","28999","35658","42588","41996","50855","54415","50840","60218","74739","83720","109176","135905.67293654","135300.41408858","149527.817","167386.363","205217","248580","264548","283787","332029","212297","117353",""
"Vanuatu","1402","1446","1547","1211","1477","1580","1643","1742","1775","1667","17212","11218.297673622","11905","12144","10848","10425","9037","12287","11723","13866","9641","8552",""
"Mundo","22008658","22264220","20817389","21282617","23752616","24215712","24829383","26016011","25498093","26122523","30222074.540528","31203707.095182","31434525.586079","32160518.882172","33026724.979077","34030586","35337714","36299460.058","37405640.248386","38082933.010128","20098778.5634","24054588.846",""
"Samoa","10877","11802","12317","9010","10691","11439","12752","12658","12699","12492","","","","","9144","11759","13805","6098","6848","6220","1352","993",""
"Kosovo","","","","","","","","","","","","","","","","","","","","","","",""
"Yemen, Rep. del","14608","14973","15495","14706","16746","17306","18843","14403","14462","14652","20600","20176.728526068","16807.407295596","16932","16056","5126","4538","1669","2342","","560","560",""
"Sudáfrica","110392","122561","116985","130938","133222","148146","146648","152550","156567","151292","190441","191506.86633036","197817.30031111","184763","199600.52281367","209734","212865","216275","234156","248747","88578.633","126160.109",""
"Zambia","6118","4886","4875","5214","5825","5965","6013","6396","4361","","9730","11497","8288","7997","8050","11130","8094","9020","1241","1298","777.3744","7071.541",""
"Zimbabwe","13603","8848","5050","3950","4269","4410","6819","7272","5917","5937","7077","10020.705611279","11560.367853924","27684","3730","4145","4231","3444","3444","","3450","1732.788",""
