"pais","2000","2001","2002","2003","2004","2005","2006","2007","2008","2009","2010","2011","2012","2013","2014","2015","2016","2017","2018","2019","2020","2021"
"Aruba","","","","","","","","","","","","","","","","","","223502","274280","","",""
"","14963609","14546112","14462573","15802323","17562611","20661751","22039609","23295972","23988552","23800085","30374164.935204","33507824.272435","35838679.014801","35112457.818","36350758.945447","39154692","41553429","45423814.08","52613964.077706","54851421.285204","19166036.418","24057585.264"
"Afganistán","149705","","","","","","","","","","1999127","2279341.1795286","1737962.1264066","2044188","2209428","1929907","1917924","1647425","1125367","1066747.3561925","449041.025","293212.994"
"","2949248","2627404","2072438","2081206","2604956","","","","","","7817344.2026979","9140452.1285985","9570161.787567","8677884","8030237.1696506","8696300","8129874","8837017","12337766.282301","11384912.635031","5328945.184","7425487.428"
"Angola","235448","193317","189619","198253","222032","239795","262666","277361","283887","274869","1010194","987798","1132424","1321872","1409952","1244491","1482546","1375523","1516628","1436959","356695","311488"
"Albania","136622","146273","137569","158888","179543","195702","213315","238913","243691","231263","768533","829778.92387071","814339.7302787","865848","151632","","26634","204090","303137","307741","124714","193259"
"Andorra","","","","","","","","","","","","","","","","","","","","","",""
"El mundo árabe","45723758","46769231","49871837","52465002","60950501","43608649","47875367","51722644","53542019","95372047","126796491.87913","135837641.38979","152014159.66127","166209279.14078","181627311.07691","195957046","214318723","223496214.05","232670166.88982","246284712.90189","78203120.459","100893015.318"
"Emiratos Árabes Unidos","6893085","7675845","9667005","11609840","14314326","","","","","31761631","44948143.849412","50342891.802869","59948766.697648","68151865","75608196","84343562","91763598","95306195","95758342","93995208.09","26116897","28422616"
"Argentina","8915627","5808770","5662905","6036360","6795484","6938436","6611915","7036784","6147290","5694547","9025035.3118736","8590839.8497729","9375669.7396375","11951276.822393","12121912.818","14245183","15076354","16749271","18084553","19461377","3680874","6708097"
"Armenia","298232","369164","407777","366581","509904","555795","605817","560626","623688","653320","704753","392312","364733","45000","0","","","","53259","193668","54940","179200"
"Samoa Americana","","","","","","","","","","","49772.788695371","50641.722772277","56096.979676915","72240","76944","","","","","","",""
"Antigua y Barbuda","1426114","1369069","1286925","1428487","714000","778260","754912","800207","813010","747969","1554309","1424420.1553899","1310276.4134174","1218000","1216152","1039810","1042929","590517","580174.15683482","526333.99508055","356","40633"
"Australia","32577569","33477398","39021581","41386432","41596552","44657324","46951775","48728837","51488427","50026967","60640913","63360310.337766","66355274","68197955","68123237.669317","69779346","72446421","74257326","75667645.034751","76850596.719","23346254","24572955"
"Austria","6641875","6550376","7070344","6902780","7619372","8037890","8785116","9140909","9140680","8520740","13493793","14088251.664057","14518841.052972","15037454","15210489","14718641","14724774","16171640","12935505","46476602","13285414","18901048"
"Azerbaiyán","545800","543800","575300","683700","1007000","1134300","1253400","1440700","756338","839514","796698","1348414","1560084","1651710","1770192","1803112","1961639","2331308","2279546","2585280","545265","1102455"
"Burundi","","","","","","","","","","","","","","","","","","","","","",""
"Bélgica","10738119","8489007","2341816","2904114","3264582","3340509","3641155","4078094","5878585","4858700","7528586.3042496","8638553.1","9508165.3149454","9521421","10535219","11473055","12545322","13676844","13639487","14279187","3520849.848","5404284.479"
"Benin","77273","46364","","","","","","","","","53012.818181818","58314.1","58314.1","137640","60264","112392","899","","","","",""
"Burkina Faso","143529","100286","53236","54475","61364","66273","73131","77810","80543","79345","160000","133709.77917108","125693.69644491","138996","117420","122590","144950","145049","189545.33687603","185841","70228","112940"
"Bangladesh","1331369","1449980","1536102","1587606","1650276","1634473","1729451","1242865","1224222","1409414","1818901.0188272","2022388.5722157","2195061.6802991","2781708","3051914.7332139","3997815","3815869","4660739.0383111","5677396","6260241","2984121.694","3750753"
"Bulgaria","535246","233963","62798","310952","476277","653703","808451","855229","1073496","798165","801840","932868","973062","1013220","1060147","1063498","1092333","1133069","1022645","832828","443067","41126"
"Bahrein","1382461","1250076","1255713","1850491","2284547","","","","","5215512","6028980","5590998.0406064","5861786.9990069","4626648","5171496","5313756","5220218","5190484","5877003","6440562","1451359","1840268"
"Bahamas","1860623","1625689","1543274","1601347","900000","1020000","1033407","1089636","1088876","979042","967914","1056129.5948594","1048391.0668218","576996","991463.32887981","900028","937476","921470","1830394.8620746","1856546","1272798.762","1065149.134"
"Bosnia y Herzegovina","69142","64993","65643","72864","","","","","56313","79977","56485.161815801","40182.439766754","24874.089632018","15000","36636","7071","","","","5375","1593",""
"Belarús","210899","221714","204908","234273","274185","281877","307403","344290","351165","333252","652142","737599","943081","1159500","1317732","1489035","2057194","2493100","2760168","3208254","1227674","1040730"
"Belice","","","","","","","","","","","143928","179471.41354269","448015.91402667","513175.6","877765","935604","990499","1285642","1297533.2230789","1278187.556","971426.138","670361.821"
"Bermudas","","","","","","","","","","","","","","","","","","","","","",""
"Bolivia","1756608","1557128","1508700","1770774","1824313","1892343","1443165","1744663","1718196","1537032","1781340","2125912.5265979","2206069.7606697","2027888","3563043.5828127","4115271","3678739","4053427.35","4122113","4066959","2627202.201","4311879.56"
"Brasil","31287784","34285574","35889538","32372040","35263795","37661733","40945038","45286990","58763225","67945578","74627064","87860363","94752568","95591641","100403628","102039359","94142377","96395709","102109977","102917546","45405756","61896523"
"Barbados","","","","","","","","","","","","","","","","","","","","","",""
"Brunei Darussalam","863547","1007542","1035795","956133","1079578","977516","1041478","1017028","1075754","999375","1263270","1312935","1044170","1139784","1061148","1150003","1168609","1172201","1234455","1421313","280622","27881"
"Bhután","34425","35114","40859","36365","45456","49092","51056","53609","52805","49056","181537.37171644","226153.12662163","193405","207996","302160","162864","224101","254643","275849","276092","48825","22380"
"Botswana","163909","169526","179041","188842","212951","229987","213587","227624","236182","233515","290195","415864.08440373","415130.02097776","270996","205992","226549","254396","223673","253417","254439","","172017"
"República Centroafricana","77273","46364","","","","","","","","","","","","","","","","","","","",""
"Canadá","41767974","40451914","23323029","35884417","40701307","45229860","46726978","52103547","53718757","52583516","63277409.375339","66078011.954739","70467400.792869","71526725.918431","75528607","80228302","85406425","91404001","91504000","93352000","27620000","24951000"
"Europa Central y del Báltico","11117833","11445703","11808082","14065887","16768232","19040472","20221059","23721701","25261998","24733789","32710131.379004","34477031.594514","32490649.468497","35246300.748668","37875158.183182","39811670","42884394","52125994","62622491","69934611.3","22490703.181","30389422"
"Suiza","17268093","16914823","13295500","10118096","9287315","9662619","10647142","12298456","14352757","14701206","22146864","24866065","26386306.603467","27503416","27923164","27011762","25859918","26732570","28857994","30339654","9009607.2","10988881.272"
"Islas del Canal","","","","","","","","","","","","","","","","","","","","","",""
"Chile","5174876","5315623","4986727","5246787","5463753","5939020","6016649","7190963","8021939","8097314","9269026","10949863","12892856","13806283","14347893","15006762","16362437","17664974","19517185","21197759","8019753","10302876"
"China","61891807","72660653","83671798","86040642","119789024","136721623","158013351","183613132","191001220","229062099","266293020","292160158","318475924","352795296","390878784","436183969","487960477","551234509","611439830","659629070","417255845","440301216"
"Côte d'Ivoire","107979","46364","","","","","","","","","516085","89791.867766357","39485.472201926","234996","237120","642893","667062","808471","825257","748540","322841","569309"
"Camerún","273000","324114","243122","315100","355610","384059","424794","453051","470598","466050","0","171007.2","248027.2","287208","275760","267208","343592","236000","265136","83882","40884","177992"
"Congo, República Democrática del","","95200","","","","","","","","","210913","252408.17955984","471536.20461493","456000","456228","476353","416033","959738","587653.03075283","550457.89262858","277588.159","392102.214"
"Congo, República del","127541","95188","46967","52268","","","","","","","341640.42916581","438178.47040732","703966.42107876","652452","553944","657927","577780","333899","508978.939934","541787.13686072","79620","157784"
"Colombia","8568734","9604390","9424850","9142585","8829094","9984424","10616356","11630594","12338706","12115330","16932435","18768534.770155","22012458.844377","26929238","28675159","30909723","32262658","32504898","33704037","37031843","12273939.724","26167360"
"Comoras","","","","","","","","","","","","","","","","","","","","","",""
"Cabo Verde","263547","242799","236577","252751","560000","690000","753511","793153","807957","776469","570553","620394.75112395","597982.60036822","600000","590304","548908","565810","336718","561944","675482","226645.666","76354.068"
"Costa Rica","877833","737895","675146","749885","901402","953217","943143","1017054","1023665","932581","1697893.8890269","1829514.9470822","1770111.378347","1498996","1427414","1525922","1572605","1822880","1950049","2033146","455830.6","669298"
"Estados pequeos del Caribe","","","","","","","","","","","3153978","3204385.462971","3294989.1834098","2563375.6","3354528.3288798","","","","4006518.2419884","3926365.5510806","2484224.9","1803836.955"
"Cuba","1007193","882309","588700","610957","743256","812781","811559","857213","861352","780484","1578011.7886714","1478595.9591607","1313502.683984","1395072","1135200","1294458","1333078","942785","563540","457130","99838","22359"
"Curacao","","","","","","","","","","","","","","","","","","","","","",""
"Islas Caimán","","","","","","","","","","","","","","","","","","","","","",""
"Chipre","1396076","1503427","1704780","1882981","2013254","1920516","1944138","2071648","2111205","1943949","1583627","1263117","1285976","1211208","688368","23405","224653","711554","401408","395436","104559","103016"
"República Checa","2229216","2565808","2808793","3391474","4219478","4706226","4921600","4869586","4974879","5048360","5145187","4902816","3594882","5186676","5009995","3378028","4048658","5450671","8851291","5446163.2","929888.181","1418032"
"Alemania","57962865","56389365","61889678","72693124","82099657","90788848","99647314","106101747","107941584","103396735","97330734.280759","107042775.79118","105978474.52638","109062321.51578","112353098.59355","117222850","116713587","114160685","109796202.17431","109633750.727","25758450","33073180"
"Djibouti","","","","","","","","","","","","","","","","","","","","","",""
"Dominica","","","","","","","","","","","","","","","","","","","","","",""
"Dinamarca","5922623","6382092","6322432","5886037","6428701","","","","","","","","","","","","","","","","",""
"República Dominicana","","","","","","","","","","","19167","28232.1","28442.05","20004","16128","14463","11903","","","113752","31391","69447"
"Argelia","2997480","3419249","3002232","3292815","3236364","3037298","2899722","2813018","2884506","4370917","3372283","3543663","4082595","4492436.9633442","5021288.9633442","5400896","6093416","6230157","6442442","6752002","1460077","1949936"
"Asia oriental y el Pacífico (excluido altos ingresos)","117475001","131899488","144954360","145986148","202945818","220887277","244449016","277768225","287719256","326293542","430814825.83262","482470567.0603","526045298.37355","579794849.84018","640165915.14125","708798867","790494215","881698293","964324620.0959","1003476407.1326","545598407.498","516080253.789"
"inicial del dividendo demográfico","149713878","160513615","149570435","160293889","190654278","202084384","224730790","245988633","244712190","259076645","370779756.65402","411779408.11394","443984379.68831","473370786.86842","518240248.92588","566264222","621441555","679891167.72031","741133708.20281","734632530.41099","289010892.017","373606823.428"
"Asia oriental y el Pacífico","337766614","351529526","374787907","366358229","429868117","454655578","486160240","523755806","535907588","555699740","726070353.12289","769209920.741","809282604.5114","893899315.83938","965572758.22638","1052102292","1155866926","1266613885","1363722227.0848","1415410517.3106","673223022.999","632631258.508"
"Europa y Asia central (excluido altos ingresos)","19131881","18955710","19211823","20432324","25379444","28757480","31745191","35049600","39056225","44437712","61394191.988931","72357640.503833","83343593.428963","96541595.808988","105754634.00799","119184129","125119242","137449544","146715960.521","144851367.268","57405263.207","88476243.262"
"Europa y Asia central","428305223","427544242","426545437","460194210","506766844","518261374","559653407","607952555","623643998","615350087","712998068.2518","774999479.89954","799109209.94657","830731466.89144","880915331.61651","945271489","997402946","1067441656","1137091439.3497","1181479874.428","384036439.6275","524360548.477"
"Ecuador","1318518","1284922","1184098","1521249","1828303","2011004","2110423","2630759","2926821","2896528","4818305","4714115","4758406.3067717","5157521","5675088","5677816","5099726","5121235","5365261","4827978","1146368.544","1534854"
"Egipto, República Árabe de","4521702","4389163","4526688","4180814","4621310","4888146","4988262","5829044","6688999","6215870","9518106.0132362","7708160.1071122","9081175.1462956","10593780.17744","10278013.113562","11109554","11844962","11748510","12386010","13206889.61","4638192.256","5563387"
"Zona del Euro","260651401","258252629","259641964","289864210","317642184","346114957","376747784","409514461","410733285","403561685","416465001.05146","441148081.65997","439748948.51634","442802171.33378","460185935.95075","496898700","529564099","560783691","584797943.26871","639868656.158","190032931.787","252461520.31"
"Eritrea","","","","","","","","","","","","","","","","53074","66927","102729","89136.815910872","101357.3758656","45104.031",""
"España","39711776","41469789","40380629","42506835","45539952","49855007","53122464","60664991","55213716","49289158","52847712.608323","52736140.925013","48089178.327112","48056735.818","53069339","60564041","66674868","71598374","80706703","88237165.272","26557077.999","43440479.727"
"Estonia","277595","277768","304135","395485","509556","577808","598123","651323","685582","395532","582320.20275315","614933","914519","627588","602880","512389","372274","13103","62802","857","",""
"Etiopía","944595","1027528","1103184","1117329","1403293","1667316","1720306","2290179","2715017","2914056","3347022","4440917.6908399","5001121.8652456","5671501","6274582","7074779","8242114","9566378","11501244","12631216","4940183","7065954"
"Unión Europea","288449342","286388891","287161373","317807082","347767674","359471494","390742949","425646377","427781328","419908189","483874507.22771","515081475.25448","514301800.98483","522944433.08245","548633990.77673","588104162","620961607","657059035","691558405.26871","752764693.96","224581685.7655","300510412.943"
"Frágiles y situaciones de conflicto afectados","13644350","18495379","16191622","13756737","16934120","17404468","19959287","20199039","22723429","22127432","33183814.054483","39379075.226608","38732387.243884","38896500.17336","40338413.273237","39233518","39962744","41551466.05","48929733.440362","48048008.99753","18073886.216","25439426.874"
"Finlandia","6828143","6697556","6415606","6183906","7049416","7075195","7597125","8288683","7916485","7423265","8685772.8683254","9508050","10731828.492592","10467321","10992792","13035848","13754228","12209646","13364839","14610547","3500299","2805555"
"Fiji","586043","612727","715000","972000","836719","870571","932394","960546","946138","1146591","1259009","1276205.48","1225268.5618857","1161936","1243824","1336976","1402765","1557876","1670216","1700293","409104","133708"
"Francia","52581312","50476541","49305864","47258820","48543473","52477178","59537872","61551258","61214656","58318312","60864422.113513","64185339.34113","64683769.024321","63925151","63434263","65039503","65362743","68316473","70188028","71289277","24956343","32000528"
"Islas Feroe","","","","","","","","","","","","","","","","","","","","","",""
"Micronesia (Estados Federados de)","","","","","","","","","","","","","","","","","","","","","",""
"Gabón","446688","373904","365877","385529","430873","465343","508368","535324","545640","524867","243635.52898997","121233.39565811","42729.319471276","0","","137331","77320","","","","",""
"Reino Unido","70436030","70331725","72381196","76388660","86054762","93602879","97544631","101622807","104713553","102464509","101515720.1934","111598546.14123","115419920.56567","118605866","124901676.05268","131512994","143781714","151159067","165388610","142392528","30237827","26631932"
"Georgia","117521","110800","246609","303802","228560","249131","271553","304139","310222","294400","164446","222630","178363","189316","196589","232263","220448","341751","516034","509913","72906","84591"
"Ghana","314335","301135","255630","241111","96444","","","","","","169030.94960614","491583.03444624","691271.96142731","396372","407544","390457","359516","681691","467624","597343","321437","559393"
"Gibraltar","","","","","","","","","","","","","","","","","","","","","",""
"Guinea","","","","","","","","","","","","","","","","","","","","","",""
"Gambia","","","","","","","","","","","0","0","11284","146784","151776","3036","44330","53735","104891.39475506","109542.14508048","",""
"Guinea-Bissau","","","","","","","","","","","","","","","","","","","","","",""
"Guinea Ecuatorial","","","","","","","","","","","25969.382364616","130197.6","316620.85","401712","303024","400758","458222","496322","404301.32801322","425475","138898","31268"
"Grecia","7937434","8430333","7579225","7518932","9276954","9452219","9481314","10206223","9442743","8795133","10352657.531181","9569211.4194176","8785275.4559278","8761116","11152236","11237054","12689082","13852857","15125933.51526","16124738.33","5647917","8726345"
"Granada","","","","","","","","","","","","","","","","","","","","","",""
"Groenlandia","","","","","","","","","","","","","","","","","","","","","",""
"Guatemala","","","","","","","","","","","313892","326146.20615","288013.90082569","78264","69768","93129","111830","155524","145795","107350","25217.454","1766.181"
"Guam","","","","","","","","","1255510","1172372","","","","","","","","","","","",""
"Guyana","73256","47800","","","","","","","","","273160","340267.62320722","247780.34769101","0","0","","","","26069","28697","17990","7512"
"Ingreso alto","1382056652","1336609000","1307644929","1337085928","1485950726","1530895042","1586231538","1664131075","1638468073","1626892732","1848779888.2076","1917406304.6476","1956411146.963","2028636813.0001","2120845506.8609","2246481588","2365329050","2481591870","2605540550.8365","2715403309.2231","929885274.1185","1345746332.068"
"Hong Kong, Región Administrativa Especial","14377973","14064286","15636216","13024791","17892816","20229512","21796158","24133664","25401266","23973030","28347688","30293677","32247332.077683","34644497","37933773","41867157","43683583","45580297","47101822","46469864","5878548","777197"
"Honduras","","","","","","","","","","","501520","423655.32558716","422016.88764492","372972","239124","276689","275587","248964","411989","321243","","271314"
"Países pobres muy endeudados (PPME)","6492929","5967306","","","","","","","","","14165092.226547","17296028.463433","18073364.030063","18079383.818","19361000.32088","20661772","20915140","23844385.43","26411525.914388","27353506.867337","12330289.393","19149959.028"
"Croacia","1072000","1245000","1356000","1582000","1743000","2099000","2148000","1545318","1752603","1679197","1577226","1812519","1872799","1716702","1756070","1782666","1875433","2057804","2093577","2108591","608458","767762"
"Haití","","","","","","","","","","","","","","","","","","","","","23119","23119"
"Hungría","2197521","2023385","2098760","2260849","2546234","2735214","2591666","3133574","3111575","2952885","12477063.176251","13729553.534686","12289555.076428","13926540","16482060","20043787","21399963","26066294","31226848","39803373","14597294","20127200"
"Sólo BIRF","300232596","329761381","333136505","344496771","418837879","454928628","503331945","568136085","599377528","652248785","847345243.38884","945133069.90918","1025679462.9087","1118560621.53","1218054843.417","1336381806","1454795041","1613282378.14","1762073618.0538","1828194540.6501","889070883.383","1016733964.182"
"BIRF y la AIF","323854019","353461238","354836889","366713422","444743421","482971713","533670988","599627079","631333677","683927328","891956142.16443","997808123.77595","1080347426.5604","1174597728.9213","1276673084.4043","1396421827","1517531639","1680834867.7703","1840061201.4496","1904674595.8003","921825835.906","1057614059.294"
"total de la AIF","23621423","23699857","21700384","22216651","25905542","28043085","30339043","31490994","31956149","31678543","44610898.775583","52675053.866776","54667963.651755","56037107.391229","58618240.987387","60040021","62736598","67552489.630311","77987583.3958","76480055.150195","32754952.523","40880095.112"
"mezcla de la AIF","12148066","12976878","10439111","10669835","11971594","13181865","14641094","14980619","15375119","14965530","20918249.429166","24047302.147965","25111538.305823","24611413.687732","25043692.34334","25933086","26940599","25639415","30098587.280618","30424229.350951","12941286.729","16231181.411"
"Indonesia","9916365","12453812","12113452","12221066","26780550","26835524","29867483","30405918","29766093","27421235","59384361.605798","70912258.109048","79405799.80957","81721356","85215879.509739","90095131","99274010","108393123","115154100.909","91323153","37523686.817","33549828"
"Sólo AIF","11473357","10722979","11261273","11546816","13933948","14861220","15697949","16510375","16581030","16713013","23692649.346418","28627751.718811","29556425.345932","31425693.703497","33574548.644047","34106935","35795999","41913074.630311","47888996.115182","46055825.799245","19813665.794","24648913.701"
"Isla de Man","","","","","","","","","","","","","","","","","","","","","",""
"India","17299483","16862737","17633019","19455085","23934074","27879461","40288794","51897450","49877935","54446373","64374253.803896","73996912","72151828.889548","75589071","82718882.88","98927860","119577835","139752424","164035637.545","167499116","68959633","83964797"
"No clasificado","","","","","","","","","","","","","","","","","","","","","",""
"Irlanda","13983022","15450847","19728801","28863657","34748853","42872544","50737809","60099058","69447262","77747207","84784226","89956333.509687","92637189.190393","93408036","98449140","115928738","134065078","153944513","167598633","170161848","54582262","74065210"
"Irán, República Islámica del","8722145","16485326","9891522","16301238","11877705","12708354","13623038","13915755","12029236","13052716","18760850.381485","19113946.162247","17687478.519721","16580818.00521","16825260.830132","13873256","17084581","26858178.78","23029380","21641449.393","12744853.781","13695897.024"
"Iraq","","","","","","","","","","","641129","761778.17435545","784944.25303469","476484","476484","2142554","2019816","1591490.01","4812610","5434292","764661","1620013"
"Islandia","1431818","1357946","1198920","1133775","1332811","1528929","1536157","1720496","1423422","1364651","1851416.8417551","2150527","2400160","2602714","3035882.7791066","4134980","5710834","7242611","7819740.5599824","4656017","903927","1499034"
"Israel","4442967","3967140","3708138","3677879","4968931","4392448","4357151","4662615","4563041","4605452","5084798","5151469","5381980","5565864","5886728","6331198","6866472","6993888","7404373","7068458","1249361","2437207"
"Italia","30418137","31031074","28244627","36345771","35922093","36115764","36709131","37830745","30672048","33194501","32645164","33923370.505106","31072962.155732","27846220","27193939","28603919","29120041","26288001","27243741","27760301","7801490","2449339"
"Jamaica","1922123","1946123","2016000","1838047","2007765","1573785","1526571","1618165","1644056","1380000","0","0","0","46272","76244","92836","136744","151326","180951.272","","",""
"Jordania","1281997","1178058","1299699","1353444","1660235","1737165","2046457","2246212","2355285","2323750","3077036.6960894","3267109.7362049","3438356","3294911","3211795","3065145","3181283","3381677","3383805","3478444","816253","1695302"
"Japón","109123312","107823469","109037841","103988547","101740600","102279015","102845319","99842338","97022471","86896527","109617020.96575","89788818","98907859","107573000","110547000","114128000","117708000","123898000","126387527","130233352","51131122","45410146"
"Kazajstán","461283","500981","756959","1009731","834760","1160286","1283250","1295050","1275624","1192714","3098327","3786453.0639105","4064819.0227233","4785588","4918608","5081632","5007869","6903190","5920110","7656866","5282205","8765001"
"Kenya","1554949","1418183","1599843","1678160","2005473","2424382","2685148","2857464","2880546","2948920","4039583","4508698.0116155","4653459.7351436","4516500","4448530.528178","4569473","4848016","5109576","5905365.1234425","6417534.056","1865768","2459106"
"Kirguistán","240954","192060","174369","205604","245570","225923","219464","274981","204525","309488","375602","526018.01247642","494640.42682199","771165","712284","967629","1015750","1122951","1175000.704","867935","191774","171347.337"
"Camboya","","","124847","164515","162132","168810","256160","307782","211281","183503","277725.05429723","499981.51796255","508688.50938602","615123.32800372","1071179","1103880","1047394","1305297","1411059","1429503.7304639","609564.382","50217.459"
"Kiribati","","","","","","","","","","","","","","","","","","66567","66567","65846.852","56299.058","46390.423"
"Saint Kitts y Nevis","","","","","","","","","","","","","","","","","","","","","",""
"Corea, República de","34331368","33710340","34831814","33372577","34511494","33888328","34842655","36655313","36077655","34168590","36987982","39911749.589812","39969577.015717","54530105","58289180","66093149","76859538","82818983","88157579","92434079","30033310","34020088"
"Kuwait","2112523","2084574","2299218","2185990","2496441","2433213","2627870","2659769","2523966","2597076","4563082","3722729.502639","3481039","3244805","3530851","3752995","4069935","5731748","6464847","7385299","1823594","2182888"
"América Latina y el Caribe (excluido altos ingresos)","80663834","80705199","80916912","79669134","85640345","91319432","93787469","101368252","113509159","117582038","152559808.38592","167674704.81728","183917537.24421","197300515.47234","209830189.40081","225374213","226438094","237473414.35","253791824.76708","264853828.556","107737783.66","167162390.562"
"República Democrática Popular Lao","210847","210847","219598","218652","271706","293442","326730","328326","323401","302596","443778","532707","877949.88137226","1476528","1310124","1181188","1220201","1196041","1009414","979307","386950","157293"
"Líbano","805803","815862","874152","935213","1086730","1076258","968820","1074219","1067774","1308382","1893359","2029610","2148669","2241480","2419476","2591297","2647258","2879528","2981937","3164358","1077762","1603134"
"Liberia","","","","","","","","","","","","","","","","","","","","","",""
"Libia","600734","582712","559404","626532","850185","0","1151785","1204107","1213854","1147234","2928705.6798502","2284066.501168","1398125.1342956","2744844","2391856","1430460","1283181","1186424","1442576","1367458","715300.42","968476.425"
"Santa Lucía","","","","","","","","","","","","","","","","","","","","","",""
"América Latina y el Caribe","96507566","101576743","97945064","94799825","100859199","107537262","110439889","120106257","133677728","140453020","178418790.81561","198178802.34158","217297987.70765","234290843.0717","248819232.96744","264217989","266690030","275641368.35","293327220.78599","305061356.55108","121084047.422","187704362.696"
"Países menos desarrollados: clasificación de las Naciones Unidas","7554646","7411821","7387912","7524047","9056444","9802612","10414732","10839781","11082489","11608385","17654275.9209","21331556.216019","22107026.960992","24484619.146004","25368159.471281","25261970","26570744","32239144.630311","38163132.407357","36727918.809941","17000506.794","21246706.426"
"Países de ingreso bajo","4776260","4640077","","","","","","","","","11761536.134862","14168273.539127","13737452.860049","14815345","14719339.159068","12867667","13753911","15919522.08","17823482.468118","18690732.685887","8026937.252","11917901.427"
"Liechtenstein","","","","","","","","","","","","","","","","","","","","","",""
"Sri Lanka","1755567","1718331","1740807","1957606","2412889","2817778","3100832","3206766","2951506","2417713","3008322.6918876","3665394","4616417","4793393.4","4756131","4911730","5284585","5403577","5882376","5582446","1240391","871685"
"Países de ingreso mediano bajo","58000401","58792890","58133485","59535530","70498736","78090228","93119782","109462419","112481617","118063704","159737662.15394","180432081.35719","184929417.74987","192112862.87667","214772855.70692","242235295","276588101","305142028.90031","347011867.16694","361220872.84318","148269089.59","153351386.751"
"Ingreso mediano y bajo","287713060","309168780","313390489","324333426","397800671","433652729","480956787","539510129","563983691","617714805","814206288.00236","908079464.28051","979098255.95648","1064697186.5732","1156346540.2156","1271547493","1389419825","1539814983.7703","1686163468.2928","1738769952.8052","841725288.906","933963162.055"
"Lesotho","","","","","","","","","","","","","","","","","","","","","",""
"avanzada del dividendo demográfico","216639000","237815480","258940139","271040893","331760561","347642313","384756400","444476143","485748645","572829124","685670532.06216","761255355.36111","830069110.53528","907272787.66085","985686600.92268","1088963002","1190947049","1323673354","1434010524.1521","1516126027.09","741617825.479","823261040.48"
"Lituania","283836","304051","303865","329271","447883","505409","429657","423585","609847","616514","81450","69445","592996","1009728","1274911","1363946","1046012","1069268","26031","40944","35027","11289"
"Luxemburgo","870831","885852","822533","853903","855840","851136","927738","1039067","1059848","681482","786920","785200","781146","1555788","1710624","1830972","1845726","1901012","2099102","2114417","753114","1081478"
"Letonia","278396","255392","264991","339747","593662","1032128","1409620","1344912","1371810","1301848","3158051","3299391","2888683","2754720","2636612.7588988","2527368","2843133","3441024","4058762","4976410","1323070","1598685"
"Región Administrativa Especial de Macao, China","1532189","1706332","1728004","1211797","1800237","2040654","2285750","2393294","1866141","1427324","1329721","1327732","1561850","1767100","2078758","2276436","2788571","2776815","3157724","3659911","544411","698047"
"Isla de San Martín (parte francesa)","","","","","","","","","","","","","","","","","","","","","",""
"Marruecos","3671317","3680688","3049154","2638314","3004353","3492984","4109489","4623543","4927341","4930683","7144446","7502696.7452167","6563646.6759083","6507408","6976810","7043971","7738637","8667392","8132917","9380951","3012310","4740714"
"Mónaco","82764","77798","104255","94563","83916","87523","95721","101753","84660","63876","59658","63186","65404.363636364","64524","64188","60382","12137","316","316","316","",""
"República de Moldova","117532","120125","129377","179084","200615","231985","273810","314361","401199","402423","479457","540679","543872","557653","692496","1005936","936254","1092606","1423791","1408166","306631.727","528581"
"Madagascar","629409","657953","266033","451729","513508","574904","572991","616433","558981","499526","524296","544100.72727273","588169","539208","520421","458572","441861","486425","541290","544458","186314.332","109461.4"
"Maldivas","315108","56216","57902","60218","75875","81945","93417","92483","91096","85448","","","","","1024693.8447786","1313533","1409704","1485752","1191383.0826596","1221786.6751241","292931","277881.434"
"Oriente Medio y Norte de África","59654534","67991058","64355768","73216604","78560904","61431744","66638675","71222974","71070884","114274202","151073013.62007","160271708.77236","175337423.62552","188897689.14599","204902736.90704","217000211","239193056","257942310.79","264706357.92117","276426540.53805","92258911.785","116029651.342"
"México","20894205","20172824","19618662","20661206","21167881","21857658","21243010","20952513","18825976","15728171","31269061","29538937","32909408.724554","35986501.817","39570522","46966763","53313307","58537832","64569640","69937838","34133108","54217876"
"Islas Marshall","16109","18805","24592","27471","28970","25789","30232","29980","29530","27692","","","","","","","","22435","24313","21500","25563","30115"
" Ingreso mediano","282936800","304528703","309237730","320019497","392586282","427863501","474937444","532694165","556773418","610388035","802444751.8675","893911190.74138","965360803.09643","1049881841.5732","1141627201.0565","1258679826","1375665914","1523895461.6903","1668339985.8247","1720079220.1193","833698351.654","922045260.628"
"Macedonia del Norte","599012","315450","165735","200959","210875","191977","209255","234366","196420","86868","","","","","","","","","","","",""
"Malí","77273","46364","","","","","","","","","303692","363857.37590431","181742.61420249","33444","0","","","","","","",""
"Malta","1364904","1340031","1398990","1309119","1365223","1371865","1495333","1674773","1708268","1992900","1699829","1673765","1535101","1603404","1588165","1583046","1500824","1575125","2576898","2382607.8","549318.545","597724"
"Myanmar","437600","398216","1186162","1117208","1392244","1503624","1620895","1662866","1637923","1527346","924207","1539676","1663425.4345762","1572120","1926969","2095503","2741388","3149037","3407788.432903","3701663.849","1506581.713","1132655.764"
"Oriente Medio y Norte de África (excluido altos ingresos)","26100792","34079465","26788324","32800028","30468644","31260133","34256632","36205520","35864926","38021520","52770471.770661","52290259.426245","50973534.928862","53720922.145994","54370978.907039","50614910","55760221","66657459.79","67240082.921165","68779625.648047","26962658.35","34236890.342"
"Montenegro","","121737","","287111","337046","383140","","","","","659355.41480782","523356","544519","528852","503040","526980","544597","507637","565522","597380","","1589.285"
"Mongolia","253917","255298","269886","294880","310158","295252","347998","380708","364470","257233","391188","496649.10773313","626469.96653678","585864","683254","529311","537853","602775","670360","744413","143860","61614"
"Mariana","","","","","","","","","","","","","","","","","","","","","",""
"Mozambique","259568","264216","281513","280516","293873","346830","350314","443010","461125","490019","558192","577019.81446882","559608.7956682","701472","739636.74414715","676028","632965","569211","540124","587364","327742","411739"
"Mauritania","185061","155687","105541","116136","128329","138595","149188","154662","153895","142355","524817.89473153","381075.92356343","325239.52355014","261696","271212","248158","280215","418817","379211","386621","100904","207225"
"Mauricio","949085","1002282","1029466","1042773","1088696","1145737","1056496","1277957","1256746","1092580","1265458","1321491","1313976","1318052","1354388","1466527","1593666","1674395","1745291","1726868","407291","153242"
"Malawi","115831","112560","104711","108854","122477","132275","145747","154837","159917","157007","91520.189395393","82709.544990236","53518.997997039","5856","5856","6011","6744","10545","10545","7117","1792.164","1290.356"
"Malasia","16560793","16107156","16281275","16704600","19226564","20369086","17833364","21325754","22420870","23766316","34239014.172521","38218608.852353","39165195.217678","47995842.00418","49673884","50345820","53817353","58711937","60481772","63623130","15893988","4965360.963"
"América del Norte","707095388","662639760","621733444","624881527","718811915","765777598","772257943","796405857","755498308","732006924","783774409.37534","796874011.95474","807166400.79287","814697725.91843","838238607","878450302","909445425","940807001","980528000","1020089000","397121000","691104000"
"Namibia","247147","215237","222009","265655","282915","399280","400947","430741","452167","454855","485849","540867.9","632330.085","510000","522216","553322","558713","623076","602893","212578","62262.67","2245.772"
"Nueva Caledonia","","","","","","","","","","","","","","","","","","","","","",""
"Níger","77273","46364","","","","","","","","","0","0","119652","87936","13227.5","15243","15044","14713","","","","15019.2"
"Nigeria","507396","519453","520278","520263","540461","747648","1307541","1363435","1460900","1365343","4197375","4793913.2741604","4716148.0807306","4209624","4462001.6297301","4613169","4110075","4789878","7786143.9941623","6539048.3530901","3435350.518","4486313.422"
"Nicaragua","61031","","","","","","","","","","","","","","","","","","","","",""
"Países Bajos","20898713","20072980","22931166","23454932","25595676","26132696","27454451","28857440","29601230","29108547","26979676.629682","29959476.404377","31672223.975959","33455251","33956338","35687843","40078714","42763443","44417573.579144","46358457.951","14748517.334","19349165.526"
"Noruega","15182305","14556181","13699204","12805757","12277222","","","","","","","","","","","","","","","","",""
"Nepal","643332","641142","352544","356369","444691","480266","509792","528226","520303","484394","917939","901116.11793797","776864.1215957","643140","517548","510342","634292","2443630.512","4525805","1659671","1989284","2550505"
"Nauru","","","","","","","","","","210424","30195.521045074","34884.326886711","19334.847845591","16488","34572","38859","47252","45457","40290","50668","9356","3344"
"Nueva Zelandia","10781314","11467023","11285424","12259437","11305401","11951935","12382205","12545766","12950904","12104116","13295185","13747024.206969","13937353.943178","14434055.999195","13618711.999038","14385078","15300409","16271523","17249049.954137","17763604.459","8516619.501","8729634.719"
"Miembros OCDE","1333236717","1283609610","1247264642","1278025311","1413357107","1475137918","1523845112","1594664421","1561688255","1516777735","1714226706.493","1767775671.2022","1813901529.853","1880658281.4369","1959633535.8769","2082857593","2190437625","2295787113","2413352567.6346","2504574292.338","872244225.3065","1302098734.934"
"Omán","2118338","1980076","2103559","2777424","3267088","","","","","2360682","3262849","3795755","4430383","4994729","5051804","6365784","7709851","9035230","10438241","11239996","2496069","2075390"
"Otros Estados pequeos","8797246","8649959","","9655978","11194003","","","","","","","","","","16329805.623885","17233887","19103204","20797741","22855789.642642","20303166.475124","","4778291.787"
"Pakistán","5293541","6011849","4141009","4522110","5097477","5364134","5714831","5439144","5605758","5303268","6588114","7940545.0755121","7973906.3606728","7833901.087732","7670348.1854314","8467827","9628354","7260769","6880637","7420378.249","3711456.87","4930661.98"
"Panamá","1117411","1114727","1047843","1416071","1500673","1795958","2028711","2473261","2762458","6348000","5524157.4296921","6380080.1838697","7517581.2770127","11656416","11812712.838391","12193261","13285098","11975372","12631703","12497758","3074172","8208378"
"Perú","1595268","2248991","2085823","2226329","3225128","4332223","4217880","5273188","6184410","5843195","7106025.2925172","8609620.3544122","10074855.611923","12255937.76295","12284677","13877662","15081755","16094150","17758527.272","18820572","5705074","9053965"
"Filipinas","5756288","6416383","6449022","6457529","7387965","8056829","8304634","8818150","9508389","10480898","22575356","26326620.762832","28540727.36081","25540880","34897404","37023422","40206684","39341995","43080118","47776892","10613531","6886922"
"Palau","","","","","","","","","","","","","","","","","","","","","",""
"Papua Nueva Guinea","1099772","1188089","1234779","690528","762784","818773","918640","918665","904885","847353","1405169","1563593.8532111","1630308.4321054","1870968","2074020","1679156","1711274","1864653","1831903","2029701","932389","1039010"
"Polonia","2340919","2670283","2845919","3252222","3493094","3553680","3625982","4269655","4634676","4279072","4099082","4448727.0598285","4909100.3920691","5002975.7486676","5038745.4259833","4448883","5497163","7376512","9277538","10225516","2686258","3676185"
"previa al dividendo demográfico","5605843","5129614","","","","","","","","","17819048.659306","20387700.772886","20515501.676293","19925850.818","19349770.895976","21230480","20633300","21624757.05","28768397.360006","28357862.062201","10279740.062","15075193.281"
"Puerto Rico","","","","","","","","","","","","","","","","","","","","","",""
"Corea, República Popular Democrática de","82953","78805","84321","75046","93808","101313","105366","110634","108974","101237","73052","78558.861550207","100113.3485814","371004","90335.875","87082","94919","103560","94245","109095","3563","523.761"
"Portugal","6721365","6650492","6795580","7590259","9052471","10139655","9440930","10320040","11171020","9903771","10428173.512674","11014639","11338080","11860998","12635439","12706909","13105120","15937325","17367956","22047878.978","6219531.061","8056494.578"
"Paraguay","265898","281040","267089","298928","373456","445854","432760","458688","465911","428493","715072","845395.68884887","794176","711548.47","608844","452004","467713","454276","710407","632389","131713","111964"
"Ribera Occidental y Gaza","","","","","","","","","","","","","","","","","","","","","",""
"Estados pequeos de las Islas del Pacfico","994674","1040635","1169195","1409660","1376595","1366689","1468156","1510124","1487471","1861811","1679808.5210451","1691669.5084746","1701510.525037","1807896","2006028","2120856","2238966","2543172","2681606","2609710.5531334","787299.92","449526.842"
"posterior al dividendo demográfico","1301972064","1251639848","1214443600","1229236696","1360640668","1413314874","1455395380","1510562083","1469546762","1409097909","1576171421.6677","1619241221.5305","1648538084.4739","1699478102.8254","1761628444.7314","1848558208","1927693057","2000358525","2089907217.4144","2176459264.4651","730930007.4665","1067970234.934"
"Polinesia Francesa","","","","","","","","","","","","","","","","","","","","","",""
"Qatar","2672972","2778116","3570521","3184104","4453071","6041040","7070851","8879109","9702479","10211229","12391268","14568106","17187171","18737348","21425066","25263224","31209097","29949181","29178923","32953297","10640789","14832936"
"Rumania","1218102","1137305","959487","1255313","1337781","1707714","2047466","3003872","3253417","3268022","3733253","3659209","3593312","3087143","3067724.4","3634598","3686938","4423249","4908235","5630289","1786407","2719206"
"Federación de Rusia","17687894","20301199","20892156","22723072","25948923","26522315","28836949","33187839","37940321","34402844","43855539","50555805","58727125","64072322","72189961","76846126","77458318","89373638","99327311","108857906","62447448","96851769"
"Rwanda","","","","","","","","","","","188221","268376.55","593198.45","610992","626928","544541","644559","1031957.04","1502478","1561562.214227","661287.648","715763.609"
"Asia meridional","26822530","26775369","25502242","27975359","33660738","38307149","51488173","62460543","60323625","64195666","78888194.886328","91031850.071816","89645445.178523","93893397.487732","102251106.64342","120221878","142492664","162908959.55031","189594450.62766","190986478.28032","79675683.589","96661876.408"
"Arabia Saudita","12566492","12835735","13564300","13821729","14942633","15933045","16830838","17141188","16708204","17508200","20323592","23135735","26537661","28252104","32269452","33431736","35092840","37503000","39767648","46181487","20968865.89","29403732"
"Sudán","414179","414983","409178","420498","473127","510977","563026","598151","617785","606558","580325","947031.45611315","777346.33192403","541644","501864","496177","292843","557792.04","561520","530001","386838","1386967"
"Senegal","97525","176413","231333","129974","416372","449682","500677","538845","567101","572609","0","391401.4","543987.6","219996","131964","115355","9874","21038","278438.28855991","457722","271331","359705.738"
"Singapur","16704341","16373648","17256872","14172367","16995621","17744017","19565884","20671341","21050204","18427473","24859825.157784","26509929.142491","29138458.273748","31729241","33643518.416782","33585397","35370328","38094990","40401515","43050722","7884373","2311712"
"Islas Salomón","75262","81376","84537","68104","84676","91450","101190","102090","100558","94027","142660","140183.26388356","138160.1153057","302412","330456","373739","373467","427806","427806","229670.648","138660.862","100593.419"
"Sierra Leona","19009","13877","13877","13599","15503","16743","18752","20252","21420","21784","0","48789","50193","","","","","","","","",""
"El Salvador","1960363","1692334","1804307","2182463","2391159","2540564","2579145","2536820","2279763","1996982","1816391.1038335","2151274","2523296","2509003","2816524","2597649","2603129","2670560","2545105","2609917","805271.999","1412026"
"San Marino","","","","","","","","","","","","","","","","","","","","","",""
"Somalia","","","","","","","","","","","163812.74580862","177005.4","178709.7","258336","251652","","4486","4486","33728.968657989","34065.556846186","",""
"Serbia","","994880","1185479","1011231","1076473","918540","1041747","1118404","1135322","926618","985072","1149102","1240709","1241352","2187144","2427047","2486009","2442731","2262703","2469081","795228","1276465"
"África al sur del Sahara (excluido altos ingresos)","17519022","16753549","16016828","17470433","19705682","23121258","25230306","26657989","27510500","27184327","37778795.137902","42254442.401034","45172846.802368","43445905.818","43973716.115098","47353496","49115389","53627313.08","64496529.360006","65822245.920235","24345492.602","31345507.692"
"Sudán del Sur","","","","","","","","","","","","","","","","","","","","","",""
"África al sur del Sahara","17912857","17173516","16535011","17883529","20167567","23620094","25775571","27232504","28096606","27748907","38191509.137902","42648276.401034","45408840.802368","43790341.818","44380996.115098","47850992","49683303","54260831.08","64951730.360006","66236333.920235","24494981.602","31483072.692"
"Pequeños Estados","13384562","12936051","","","","","","","","","20932847.352078","20587558.889798","20924089.307822","19181953.6","21690361.952765","","","26423477","29543913.88463","26839242.579338","7717842.031","7031655.584"
"Santo Tomé y Príncipe","35054","35054","34496","35680","40076","43282","47585","50440","51921","50716","","","","","","","","","36660","41933","20703","28019"
"Suriname","232649","202899","191094","258311","289309","315410","306504","324821","329788","303117","214667","204096.67597181","240525.44145286","255204","269148","259682","280090","284935","272347","236601","221654","20181"
"República Eslovaca","57095","43113","82821","190182","636276","711939","779759","2679227","2690428","3440816","74856","34859","45111","64008","29031.5983","11098","12928","7925","","","2669","8900"
"Eslovenia","627907","689635","720513","758392","764991","757651","860735","945420","1103685","953378","979803","972711","816630","857000","916981","1045409","1009559","1087075","1094762","869640.1","78565","21037"
"Suecia","13354314","13123426","12421220","11586025","11623925","","","","","","41153081","46260220","49192941","51925707","57789383","58636668","55672453","51825549","51473905","50957868.602","14105839.7975","20067143.633"
"Eswatini","89791","","","","","","","","","","","","","","","","","","51633","52744","10647","13338"
"Sint Maarten (Dutch part)","","","","","","","","","","","","","","","","","","","","","",""
"Seychelles","393835","419967","518183","413096","461885","498836","545265","574515","586106","564580","412714","393834","235994","344436","407280","497496","567914","633518","455201","414088","149489","137565"
"República Árabe Siria","750129","760923","926850","907850","1169646","1239825","1252102","1371450","1358473","1342518","1158366","1433766.6947323","907927.74176397","475932","475932","17902","18117","17564","17896.921165363","18456.645046621","299469","672219"
"Islas Turcas y Caicos","","","","","","","","","","","","","","","","","","","","","",""
"Chad","77273","46364","","","","","","","","","48519.199657971","74653.8","52041.6","28080","28332","","","","","","",""
"Asia oriental y el Pacífico (BIRF y la AIF)","117392048","131820683","144870039","145911102","202852010","220785964","244343650","277657591","287610282","326402729","430771969.35366","482426892.52564","525964519.87281","579440333.84018","640110151.26625","708750644","790446548","881640190","964270665.0959","1003417980.1326","545604200.498","516083074.028"
"Europa y Asia central (BIRF y la AIF)","41986042","44543460","45328183","49555883","58378519","63293892","69212039","77911513","87710738","88865012","115461131.98893","133766768.56366","153418991.82103","171433958.55766","188867281.83397","206959900","214729427","241813816","263345266.521","272506497.268","125376901.207","192532291.262"
"Togo","77273","46364","","","","","","","","","663013","832351.1563973","745781.74809138","840948","426344.03992044","420875","475185","500686","566295","633629","320806","672184"
"Tailandia","17392091","17662418","18111892","16622502","20342582","18902629","20102408","21191723","19993134","19618735","28780723","31940491.983851","36392469.354526","43029150.6","46546612.484507","56447637","62341676","70704889","76053042.754","76344410","28179302.666","12734583"
"Tayikistán","168006","","496905","442712","598456","479172","394440","501178","683248","764505","616999.41230765","846967.38025054","650130.54738903","683060.15749291","1064176.3279873","1034477","1037897","580374","492320","539094.616","260316","125163.504"
"Turkmenistán","1283780","1407423","1407423","1411910","1612479","1653638","1843140","1850921","1823157","1706055","300970","160243.76537593","147500","1800847.4576271","579715.68","897079","1318350","2136219","2457474","2081424.32","1084543.419","648370.136"
"América Latina y el Caribe (BIRF y la AIF)","93639750","99068745","95813090","92587521","99215943","105704481","108594923","118159408","131727500","138693494","175872865.02694","195644076.78756","214936093.95684","232318775.0717","246692569.63856","262023503","264419476","273553611.35","290659005.92391","302747680.55108","119711410.66","186616854.562"
"Timor-Leste","","","","","","","","","","","","","","","","","","","","","",""
"Oriente Medio y Norte de África (BIRF y la AIF)","26100792","34079465","26788324","32800028","30468644","31260133","34256632","36205520","35864926","38021520","52770471.770661","52290259.426245","50973534.928862","53720922.145994","54370978.907039","50614910","55760221","66657459.79","67240082.921165","68779625.648047","26962658.35","34236890.342"
"Tonga","51615","56777","58480","60819","75416","","","","","","","","","","","","","","","","",""
"Asia meridional (BIRF y la AIF)","26822530","26775369","25502242","27975359","33660738","38307149","51488173","62460543","60323625","64195666","78888194.886328","91031850.071816","89645445.178523","93893397.487732","102251106.64342","120221878","142492664","162908959.55031","189594450.62766","190986478.28032","79675683.589","96661876.408"
"África al sur del Sahara (BIRF y la AIF)","17912857","17173516","16535011","17883529","20167567","23620094","25775571","27232504","28096606","27748907","38191509.137902","42648276.401034","45408840.802368","43790341.818","44380996.115098","47850992","49683303","54260831.08","64951730.360006","66236333.920235","24494981.602","31483072.692"
"Trinidad y Tobago","1254425","1387639","1268879","1084186","1132392","1055106","1024304","1085650","1102669","1014016","1842253","2625055.7130404","2625055.7130404","2865852","2732100","2617843","2598521","2582961","2458183","2583595","677670","652148"
"Túnez","1907876","1926118","1789327","1719524","1940037","1996699","2054641","2054679","2274580","2278964","2739634","3153388.9766099","3580910.2187347","4648608","4628511","3496190","3606247","3963968","4274199","4335325","1381745","1675777"
"Turquía","12187891","10603908","10686877","10745444","14275835","16943828","19361415","22895275","25505092","31339441","45665249","53500303","63350312","74413804.619868","84574844","96604665","100366461","107917326","115595495.817","111131475","44722690.061","69065868"
"Tuvalu","","","","","","","","","","","","","","","","","","","","","",""
"Tanzanía","193069","174559","134470","149540","243087","257223","189844","250849","202704","683541","750421","914932.03761187","1030203.5752038","1173942.818","1124913.454","1312807","1179664","1221678","1698386","1498093","823670","1146973"
"Uganda","39379","40560","40560","39749","45711","49368","55292","59715","63160","64234","154909","141603","182144.4","198804","163824","41812","52187","14958","21212","19822.5","4946","16490"
"Ucrania","950697","986022","1119889","1652632","2200094","2512910","2801992","1736018","3456288","3427818","3956053","5477654.9181818","5828107.6121179","5218814.574","4503610","4620530","5756509","6794396","7854842","7604522.332","1801014","3282709"
"Ingreso mediano alto","224936399","245735813","251104245","260483967","322087546","349773273","381817662","423231746","444291801","492324331","642707089.71356","713479109.38419","780431385.34656","857768978.69657","926854345.34962","1016444531","1099077813","1218753432.79","1321328118.6578","1358858347.2761","685429262.064","768693873.877"
"Uruguay","642027","558563","525049","463884","564149","586458","568864","602996","612644","563632","","","","","","","","","","","",""
"Estados Unidos","665327414","622187846","598410415","588997110","678110608","720547738","725530965","744302310","701779551","679423408","720497000","730796000","736699000","743171000","762710000","798222000","824039000","849403000","889024000","926737000","369501000","666153000"
"Uzbekistán","1744510","2256380","1451004","1465798","1588049","1639276","1665190","1940378","2033933","1850056","2114050","2275947","2593509","2614085","2545935","2486673","2383631","2581865","3056558","3685192","933769","2010914"
"San Vicente y las Granadinas","","","","","","","","","","","","","","","","","","","","","",""
"Venezuela","4295000","9452434","6369455","3889929","4943887","5043028","5225573","5495292","5766973","5121009","6428163","7728281.2539329","7738509.6454494","6866780.59936","7888722.39936","7086072","6025475","4209158","2217407","1516839","283524","265276"
"Islas Vírgenes Británicas","","","","","","","","","","","","","","","","","","","","","",""
"Islas Vírgenes (EE.UU.)","","","","","","","","","","","","","","","","","","","","","",""
"Viet Nam","2877894","3427176","4038133","3969320","5049706","5453683","5283831","7194443","9991145","11073604","14377619","16544477.83017","16976051.381216","20429309.908","23826013.272","29944771","37349272","42592762","47049671","53227026","31771202","14754847"
"Vanuatu","101503","97471","104294","83151","103939","112254","116744","122581","120742","112169","247944","240396.43770434","318747","327060","320232","272332","299315","341110","374603","466865.0531334","136360","128164"
"Mundo","1674064712","1655230214","1627404873","1665309283","1888695284","1969590799","2072413898","2209136496","2208218737","2249728546","2669414339.2099","2833214050.1821","2943247912.5649","3100200780.1727","3285080769.4759","3525115153","3760774350","4025616011.7703","4293921426.1293","4455690101.0283","1771894087.0245","2279974770.123"
"Samoa","164142","173479","182292","198115","246875","266625","287596","294927","290503","270908","","","","","76944","98950","116167","81921","77811","74867","11957","7212"
"Kosovo","","","","","","","","","","","","","","","","","","","","","",""
"Yemen, Rep. del","841609","841366","869296","844284","1022079","1083404","1162316","1073493","1064878","1050486","1536556","1492073.3285981","1299707.2391082","1664220","1665552","443685","242723","132571","336310","","52034.893","52034.893"
"Sudáfrica","8000757","7948374","8052660","9159815","9878598","11844657","12932671","12870324","13135437","12503629","15781210","16407784.957168","17571565.203215","16311250","17026643.219122","18882898","19744932","20821044","24660386","26211258","8304771.044","9321575.836"
"Zambia","89628","48517","47075","50977","49888","53880","58679","61589","62467","","260502","306034.3","127296.65","10032","8592","203617","144060","154573","16633.138941549","17505.689636364","8717.833","136609.957"
"Zimbabwe","607976","308096","250532","200857","225021","243022","239045","254783","264404","261480","258828","279347.6183915","320945.999811","351564","301260","370165","378803","282539","282539","","324226.537","75638.12"
